{
  "inputFileName" : "5000463.ser",
  "rootObject" : {
    "id" : "5000463",
    "loan_account" : {
      "SYSTEM_DATE" : "2018-09-17T11:36:31Z",
      "BUSINESS_DATE" : "2017-05-14T18:30:00Z",
      "ID" : 5000463,
      "AUTHORIZATION_BUSINESS_DATE" : "2017-03-07T18:30:00Z",
      "CREATED_BY_URI" : "com.nucleus.user.User:9001",
      "CREATION_TIME_STAMP" : "2018-08-21T10:57:49Z",
      "LAST_UPDATED_BY_URI" : null,
      "LAST_UPDATED_TIME_STAMP" : "2018-08-23T06:57:05Z",
      "PERSISTENCE_STATUS" : 1,
      "SNAPSHOT_RECORD" : 0,
      "SYSTEM_MODIFIABLE_ONLY" : 1,
      "UUID" : "22802251057336699-0.38638997562349",
      "MAKE_BUSINESS_DATE" : "2017-03-07T18:30:00Z",
      "TENANT_ID" : 505,
      "ENTITY_VERSION_ID" : 10,
      "LOAN_ACCOUNT_NO" : "PLBAPLLONS000005000463",
      "ACCOUNTING_CLASS_MST_ID" : 400027,
      "ACCOUNTING_IRR" : 13.5043518,
      "ACCRUAL_OFFSET_AMOUNT" : 0,
      "ACCRUAL_STOP_DATE" : null,
      "ADJUSTED_AMOUNT_AT_DISBURSAL" : 0,
      "LOAN_SANCTIONED_DATE" : "2016-12-31T18:30:00Z",
      "APPL_CANCEL_CNT" : 0,
      "APPLICATION_CHANNEL_ID" : 515288,
      "APPLICATION_CREATION_DATE" : "2016-12-31T18:30:00Z",
      "APPLICATION_FORMNO" : "900000",
      "APPLICATION_TYPE" : 61112,
      "ASSET_CLASS_MST_ID" : 1,
      "ASSET_CLASSIFICATION_TYPE" : 51171,
      "LOAN_ASSETCOST" : 325000,
      "AUTHDATE" : "2018-08-21T10:57:49Z",
      "AUTHID" : "SYSTEM",
      "AUTO_MANUAL_CLASSIFY_FLAG" : "A",
      "LTV" : 70,
      "BRANCH_STATE_CODE" : "JK",
      "BUCKET" : 0,
      "CAPITALIZE_INTEREST" : null,
      "CHG_INT_DURING_MORATORIUM" : null,
      "CLOSURE_FREEZE_DATE" : null,
      "COBORROWER_GUARANTOR_EXISTS" : null,
      "COURSE_PERIOD" : null,
      "COURSE_START_FROM" : null,
      "CURRENCY_MST_ID" : 42001,
      "CURRENT_RATE_TYPE_ID" : 60033,
      "CUSTOMER_NAME" : "Nitish Joshi",
      "CUSTOMER_NO" : "GLBCUST00000000026",
      "DAYS_PAST_DUE" : 0,
      "DEFERRAL_DAYS" : 4,
      "DISBURSAL_DATE" : "2016-12-31T18:30:00Z",
      "DISBURSAL_STATUS_ID" : 2860,
      "DPD_STRING" : null,
      "ELIGIBLE_FOR_EOD_PROCESSING" : 0,
      "EMI_EFFECTIVE_FROMDATE" : "2017-02-21T18:30:00Z",
      "ENHANCED_AMOUNT" : 0,
      "EXTERNAL_ASSET_CLASS_MST_ID" : null,
      "EXTERNAL_NPA_DATE" : null,
      "FILENO" : "900000",
      "FINAL_SANCTIONED_AMOUNT" : 325000,
      "LOAN_AMOUNT" : 325000,
      "FIXED_TILL_DATE" : null,
      "FLOATING_FREQ_MONTHS" : null,
      "FREEZE_LOAN_FLAG" : "N",
      "GSTIN_APPLICABLE" : "Y",
      "GSTIN_INTERSTATE_FLAG" : "Y",
      "HOST_CUSTOMER_INFO_FILE_NUMBER" : null,
      "INSTALMENT_BASED" : 60011,
      "INTEREST_LEVIED_TILL_DATE" : null,
      "INTEREST_SUSPENSION_DATE" : null,
      "INTEREST_SUSPENSION_FLAG" : "N",
      "LAST_ACCRUAL_DATE" : null,
      "LAST_ANCHORRATE_REVISION_DATE" : null,
      "LAST_CLASSIFICATION_DATE" : null,
      "LAST_BILLED_DUEDATE" : "2017-03-04T18:30:00Z",
      "LAST_CIBIL_EXTRACTION_DATE" : "2017-03-30T18:30:00Z",
      "LAST_DPD_DATE" : null,
      "LAST_DPD_PROCESS_DATE" : null,
      "LAST_DISBURSAL_DATE" : "2016-12-31T18:30:00Z",
      "LAST_LPF_DATE" : null,
      "LAST_LPI_DATE" : null,
      "LAST_MIS_SNAPSHOT_DATE" : "2017-03-30T18:30:00Z",
      "LAST_MIS_SNAPSHOT_REF_ID" : 5019678,
      "LAST_MANUAL_ASSET_CLASS_MST_ID" : null,
      "LAST_RATE_REVISION_DATE" : null,
      "LIMIT_TYPE" : null,
      "LOAN_AMOUNT_PAID" : 325000,
      "BRANCHID" : 5,
      "CANCEL_CLOSURE_DATE" : "2017-03-07T18:30:00Z",
      "CLOSURE_ELIGIBLE_DATE" : null,
      "GSTIN_TXN_REF_ID" : 5000459,
      "LOAN_IDENTIFICATION_ID" : null,
      "LOAN_IN_COLLECTION" : 0,
      "MARGINMONEY" : 0,
      "MATURITYDATE" : "2019-02-04T18:30:00Z",
      "MISFIELD_1" : null,
      "MISFIELD_2" : null,
      "MISFIELD_3" : null,
      "MISFIELD_4" : null,
      "MORATORIUM_END_DATE" : null,
      "MORATORIUM_TENURE_IMPACT" : null,
      "MORATORIUM_INT_COL_METHOD" : null,
      "MORATORIUM_PERIOD" : null,
      "MORATORIUM_START_DATE" : null,
      "MARKUP" : 1.8,
      "NEXT_ANCHORRATE_REVISION_DATE" : null,
      "NEXT_CYCLE_DUE_AMOUNT" : 15041,
      "NEXT_CYCLE_DUEDATE" : "2017-04-04T18:30:00Z",
      "NEXT_CYCLE_EFF_INSTL_AMT" : null,
      "NEXT_RATE_REVISION_DATE" : null,
      "NEXT_REPAY_AMOUNT" : 15041,
      "NEXT_REPAY_DUEDATE" : "2017-04-04T18:30:00Z",
      "NEXT_REPAY_EFF_AMOUNT" : null,
      "NOC_BLOCK_FLAG" : "N",
      "NOC_ISSUE_DATE" : null,
      "NPA_DATE" : null,
      "NUMBER_OF_INSTALMENT" : 24,
      "NO_OF_INSTL_BILLED" : 1,
      "NO_OF_INSTL_UNBILLED" : 23,
      "ORIGINAL_EMI_AMOUNT" : 15041,
      "ORIGINAL_TENURE" : 24,
      "ORIGINATING_SYSTEM" : null,
      "PARTPREPAY_PENALTY" : 0,
      "PENAL_BILLED_AMOUNT" : 0,
      "PENAL_INTEREST_RATE" : 0,
      "PROCESSED_TILL_DATE" : "2017-03-30T18:30:00Z",
      "PRODUCT_CATEGORY_ID" : 60225,
      "PRODUCTID" : 5000007,
      "PRODUCT_TYPE_ID" : 40002,
      "PROVISION_BATCH_ID" : null,
      "PSL_BASED_FLAG" : 0,
      "RATE_FIXED_FOR_MONTHS" : null,
      "RATE_TYPE_ID" : 60033,
      "REDUCED_AMOUNT" : 0,
      "ADVANCE_INSTALLMENT_FLOW_TYPE" : 7029,
      "ANCHOR_MST_ID" : 5000000,
      "ANCHOR_RATE" : 9,
      "BALLOON_AMOUNT" : 0,
      "BROKEN_PERIOD_DAYS" : 0,
      "BROKEN_PERIOD_FLAG" : 60004,
      "BROKEN_PERIOD_INT_DAYS_METHOD" : 7027,
      "BROKEN_PERIOD_INT_CHG_TYPE" : 7025,
      "TENURE" : 24,
      "DAYS_PER_YEAR" : 60017,
      "DIFF_DAYS_METHOD" : 60014,
      "EFFECTIVE_INTEREST_RATE" : 10.8,
      "FREQUENCY" : 60005,
      "GRACE_INTEREST_CHARGE_ON_APR" : 0,
      "GRACE_INTEREST_COMPOUND_FLAG" : 0,
      "GRADED_BASED_ON" : null,
      "INSTALLMENT_COMPUTED_ON" : 51215,
      "INSTALMENT_MODE" : 60019,
      "INSTALLMENT_MULTIPLES_OF" : 1,
      "INSTALLMENT_ROUNDING_PRECISION" : 0,
      "INSTALMENT_ROUNDING" : 60023,
      "INSTALMENT_TYPE" : 60029,
      "INTEREST_FREE_DAYS" : 0,
      "INTEREST_MULTIPLES_OF" : 1,
      "INTEREST_ONLY_SCHEDULE_FLAG" : null,
      "INTEREST_RECOVERY_FREQUENCY" : 60005,
      "INTEREST_ROUNDING_PRECISION" : 0,
      "INTEREST_ROUNDING" : 60028,
      "INTEREST_START_DATE" : "2017-02-21T18:30:00Z",
      "INTEREST_TYPE" : 60022,
      "BOOKING_INTEREST_START_DATE" : "2017-02-21T18:30:00Z",
      "LOAN_GRADED_INSTALLMENT_FLAG" : 51121,
      "MULTI_RATE_FLAG" : null,
      "DISBURSAL_FLAG" : "S",
      "NO_ADVANCE_INSTALMENT" : 0,
      "ORIGINAL_INTEREST_RATE" : 10.8,
      "PEMI_TENURE_INCLUSIVE_FLAG" : 51327,
      "PRINCIPAL_RECOVERY_FREQUENCY" : 60005,
      "RATE_EMI_FLAG" : 7023,
      "INTEREST_RATE" : 10.8,
      "REPAY_POLICY_ID" : 5000005,
      "DUEDAY" : "5",
      "REPAYMENT_START_DATE" : "2017-03-04T18:30:00Z",
      "RESIDUAL_VALUE_RECOVERY_ON" : 0,
      "RV_REC_INLAST_INSTALLMENT_FLAG" : 0,
      "REPOSSESS_FLAG" : "N",
      "RESCHEDULING_DATE" : null,
      "RESCHEDULING_FLAG" : "N",
      "RESCHEDULING_INSTALLMENT_AMT" : 15041,
      "ORIGINAL_SANCTIONED_AMOUNT" : 325000,
      "SCHEMEID" : 5000008,
      "ASSET_SECURED_AMOUNT" : 0,
      "SECURITIZED_FLAG" : "N",
      "SECURITIZED_DEALID" : null,
      "SOURCE_APPLICATION_ID" : 12367,
      "STOP_BILL_FLAG" : "N",
      "STOP_FRR_FLAG" : "N",
      "STOP_LPI_FLAG" : "N",
      "STATUS" : "C",
      "STOP_ACCRUAL_POST_MATURITY" : "N",
      "STOP_RESCHEDULING_FLAG" : null,
      "TDS_POLICY_ID" : null,
      "TENURETYPE" : "M",
      "MANUAL_INT_PROV_AMOUNT" : 0,
      "MANUAL_PRIN_PROV_AMOUNT" : 0,
      "TOTAL_INTEREST_AMOUNT" : 35984,
      "TOTAL_VAP_AMOUNT" : 0,
      "VAPID" : 0,
      "PERSISTENT_FORM_DATA" : null,
      "CONCURRENCY_ID" : 250411,
      "LOAN_ADDITIONAL_INFO_ID" : 5000485,
      "LOAN_MIS_ID" : 5000459,
      "disbursal_details" : {
        "ID" : 5000456,
        "AUTHORIZATION_BUSINESS_DATE" : "2017-03-07T18:30:00Z",
        "CREATED_BY_URI" : "com.nucleus.user.User:5000020",
        "CREATION_TIME_STAMP" : "2018-08-21T10:57:49Z",
        "LAST_UPDATED_BY_URI" : "com.nucleus.user.User:5000020",
        "LAST_UPDATED_TIME_STAMP" : "2018-08-21T10:57:50Z",
        "PERSISTENCE_STATUS" : 0,
        "SNAPSHOT_RECORD" : 0,
        "SYSTEM_MODIFIABLE_ONLY" : 1,
        "UUID" : "22802251061433914-0.009427919117940498",
        "MAKE_BUSINESS_DATE" : "2017-03-07T18:30:00Z",
        "TENANT_ID" : 505,
        "ENTITY_VERSION_ID" : 1,
        "LOAN_ACCOUNT_NO" : "PLBAPLLONS000005000463",
        "ANCHOR_MST_ID" : 5000000,
        "ANCHOR_RATE" : 9,
        "INTEREST_RATE" : 10.8,
        "CURRENCY_MST_ID" : 42001,
        "DISBURSAL_AMT" : 325000,
        "DISBURSAL_DATE" : "2016-12-31T18:30:00Z",
        "DISBURSAL_NO" : 1,
        "DISBURSAL_RATE" : 10.8,
        "DISBURSAL_REFERENCE_ID" : 11,
        "DISBURSAL_REMARKS" : "disbursal",
        "DISBURSAL_TXN_DATE" : "2017-03-07T18:30:00Z",
        "DISBURSAL_TYPE" : 420050,
        "ENHANCED_AMT" : 0,
        "FIRST_INSTALLMENT_DUE_DATE" : "2017-03-21T18:30:00Z",
        "CHANGE_TYPE" : null,
        "INTEREST_START_DATE" : "2017-02-21T18:30:00Z",
        "LOANID" : 5000463,
        "MORATORIUM_TREATMENT_TYPE" : null,
        "NET_MARKUP" : 1.8,
        "NO_OF_MORATORIUM_INSTALLMENTS" : null,
        "RATE_TYPE_ID" : 60033,
        "REDUCED_AMT" : 0,
        "REF_LOAN_ACCOUNT_NO" : null,
        "REF_HOST_SYSTEM" : 420048,
        "SANCTIONED_AMT" : 325000,
        "SOURCE_DISBURSAL_TXN_DATE" : "2016-12-31T18:30:00Z",
        "START_INSTALLMENT_RECOVERY" : 61082,
        "DISBURSAL_STATUS" : "A",
        "TRANCHE_ID" : null,
        "TXN_BRANCHID" : 5,
        "TRANSACTION_TYPE" : "A",
        "VAPID" : 0,
        "PERSISTENT_FORM_DATA" : null,
        "disbursal_details_breakup" : [ {
          "ID" : 5000476,
          "AUTHORIZATION_BUSINESS_DATE" : "2017-03-07T18:30:00Z",
          "CREATED_BY_URI" : "com.nucleus.user.User:5000020",
          "CREATION_TIME_STAMP" : "2018-08-21T10:57:49Z",
          "LAST_UPDATED_BY_URI" : "com.nucleus.user.User:5000020",
          "LAST_UPDATED_TIME_STAMP" : "2018-08-21T10:57:50Z",
          "PERSISTENCE_STATUS" : 0,
          "SNAPSHOT_RECORD" : 0,
          "SYSTEM_MODIFIABLE_ONLY" : 1,
          "UUID" : "22802251061758779-0.8997734681393668",
          "MAKE_BUSINESS_DATE" : "2017-03-07T18:30:00Z",
          "TENANT_ID" : 505,
          "ENTITY_VERSION_ID" : 1,
          "BPTYPE_ID" : 2890,
          "BUSINESSPARTNER_ID" : null,
          "CREDIT_DAYS" : 0,
          "CURRENCY_MST_ID" : 42001,
          "CUSTOMER_NO" : "GLBCUST00000000026",
          "DISBURSAL_AMT" : 325000,
          "DISBURSALCHARGES_ADJUST_AMT" : 0,
          "DUES_ADJUST_AMT" : 0,
          "NET_DISBURSAL_AMT" : 325000,
          "ADDITIONAL_PAYABLE_AMT" : 0,
          "PAYABLE_ADJUST_AMT" : 0,
          "RETAIL_ADJUSTMENT" : "N",
          "DISBURSAL_STATUS" : "A",
          "PERSISTENT_FORM_DATA" : null,
          "DISBURSAL_ID" : 5000456,
          "disbursal_paymnet_details" : [ {
            "ID" : 5000420,
            "AUTHORIZATION_BUSINESS_DATE" : "2017-03-07T18:30:00Z",
            "CREATED_BY_URI" : "com.nucleus.user.User:5000020",
            "CREATION_TIME_STAMP" : "2018-08-21T10:57:50Z",
            "LAST_UPDATED_BY_URI" : "com.nucleus.user.User:5000020",
            "LAST_UPDATED_TIME_STAMP" : "2018-08-21T10:57:50Z",
            "PERSISTENCE_STATUS" : 0,
            "SNAPSHOT_RECORD" : 0,
            "SYSTEM_MODIFIABLE_ONLY" : 1,
            "UUID" : "22802251240637568-0.43432421942680943",
            "MAKE_BUSINESS_DATE" : "2017-03-07T18:30:00Z",
            "TENANT_ID" : 505,
            "ENTITY_VERSION_ID" : 1,
            "BENEFICIARY_ACNO" : null,
            "BENEFICIARY_AC_TYPE" : null,
            "CURRENCY_MST_ID" : 42001,
            "DOWNLOAD_BATCH_ID" : null,
            "IGNORE_FOR_DOWNLOAD" : "N",
            "INFAVOUROF" : "aa",
            "INSTRUMENT_DATE" : "2016-12-31T18:30:00Z",
            "INSTRUMENT_REF_NUM" : "65767",
            "BANK_BRANCH_MST_ID" : null,
            "BANK_MST_ID" : null,
            "CITY_MST_ID" : null,
            "IFSC_CODE" : null,
            "BANK_IDENTIFICATION_CODE" : null,
            "MICR_NONMICR_FLAG" : null,
            "PAYMENT_AMOUNT" : 325000,
            "PAYMENT_DATE" : "2016-12-31T18:30:00Z",
            "PAYMENT_INTERFACE_METHOD" : "N",
            "PAYMENTMODE" : 2669,
            "DEALINGBANK_MST_ID" : 5000000,
            "PRINTING_BRANCHID" : null,
            "RECEIPTPAYMENTID" : 5001546,
            "DISBURSAL_PAYMENT_STATUS" : "A",
            "SOURCE_PAYMENT_REF_NUM" : 12345,
            "PAYMENT_SUB_MODE" : null,
            "PERSISTENT_FORM_DATA" : null,
            "DISBURSAL_BREAKUPID" : 5000476
          } ]
        } ]
      },
      "loan_repayment" : [ {
        "ID" : 5014932,
        "AUTHORIZATION_BUSINESS_DATE" : "2017-03-07T18:30:00Z",
        "CREATED_BY_URI" : "com.nucleus.user.User:9001",
        "CREATION_TIME_STAMP" : "2018-08-21T10:57:50Z",
        "LAST_UPDATED_BY_URI" : "com.nucleus.user.User:9001",
        "LAST_UPDATED_TIME_STAMP" : "2018-08-21T10:57:50Z",
        "PERSISTENCE_STATUS" : 0,
        "SNAPSHOT_RECORD" : 0,
        "SYSTEM_MODIFIABLE_ONLY" : 1,
        "UUID" : "22802251196039417-0.9364745875423426",
        "MAKE_BUSINESS_DATE" : "2017-03-07T18:30:00Z",
        "TENANT_ID" : 505,
        "ENTITY_VERSION_ID" : 1,
        "ADVANCE_PREPAY_FLAG" : "N",
        "BILLEDDATE" : "2017-03-07T18:30:00Z",
        "CALCULATED_INTEREST_AMOUNT" : null,
        "CLOSING_PRINCIPAL" : 311227,
        "DUEDATE" : "2017-03-04T18:30:00Z",
        "BILLED_FLAG" : "Y",
        "EFFECTIVE_INSTL_AMT" : null,
        "EFFECTIVE_INTEREST_RATE" : 10.8,
        "EMI_PEMI_FLAG" : "E",
        "INSTALMENT_AMOUNT" : 15041,
        "INSTALLMENT_INDICATOR" : "NA",
        "INSTALMENT_NUMBER" : 1,
        "INTEREST_COMPONENT" : 1268,
        "LOANID" : 5000463,
        "INTEREST_DAYS" : 13,
        "BALANCE_PRINCIPAL" : 325000,
        "PRINCIPAL_COMPONENT" : 13773,
        "TDS_AMT" : null,
        "TDS_RATE" : null,
        "VAPID" : 0,
        "PERSISTENT_FORM_DATA" : null
      }, {
        "ID" : 5014933,
        "AUTHORIZATION_BUSINESS_DATE" : "2017-03-07T18:30:00Z",
        "CREATED_BY_URI" : "com.nucleus.user.User:9001",
        "CREATION_TIME_STAMP" : "2018-08-21T10:57:50Z",
        "LAST_UPDATED_BY_URI" : "com.nucleus.user.User:9001",
        "LAST_UPDATED_TIME_STAMP" : null,
        "PERSISTENCE_STATUS" : 0,
        "SNAPSHOT_RECORD" : 0,
        "SYSTEM_MODIFIABLE_ONLY" : 1,
        "UUID" : "22802251196079431-0.534293679529007",
        "MAKE_BUSINESS_DATE" : "2017-03-07T18:30:00Z",
        "TENANT_ID" : 505,
        "ENTITY_VERSION_ID" : 0,
        "ADVANCE_PREPAY_FLAG" : "N",
        "BILLEDDATE" : null,
        "CALCULATED_INTEREST_AMOUNT" : null,
        "CLOSING_PRINCIPAL" : 298987,
        "DUEDATE" : "2017-04-04T18:30:00Z",
        "BILLED_FLAG" : "N",
        "EFFECTIVE_INSTL_AMT" : null,
        "EFFECTIVE_INTEREST_RATE" : 10.8,
        "EMI_PEMI_FLAG" : "E",
        "INSTALMENT_AMOUNT" : 15041,
        "INSTALLMENT_INDICATOR" : "NA",
        "INSTALMENT_NUMBER" : 2,
        "INTEREST_COMPONENT" : 2801,
        "LOANID" : 5000463,
        "INTEREST_DAYS" : 30,
        "BALANCE_PRINCIPAL" : 311227,
        "PRINCIPAL_COMPONENT" : 12240,
        "TDS_AMT" : null,
        "TDS_RATE" : null,
        "VAPID" : 0,
        "PERSISTENT_FORM_DATA" : null
      }, {
        "ID" : 5014934,
        "AUTHORIZATION_BUSINESS_DATE" : "2017-03-07T18:30:00Z",
        "CREATED_BY_URI" : "com.nucleus.user.User:9001",
        "CREATION_TIME_STAMP" : "2018-08-21T10:57:50Z",
        "LAST_UPDATED_BY_URI" : "com.nucleus.user.User:9001",
        "LAST_UPDATED_TIME_STAMP" : null,
        "PERSISTENCE_STATUS" : 0,
        "SNAPSHOT_RECORD" : 0,
        "SYSTEM_MODIFIABLE_ONLY" : 1,
        "UUID" : "22802251196097101-0.12811248472825965",
        "MAKE_BUSINESS_DATE" : "2017-03-07T18:30:00Z",
        "TENANT_ID" : 505,
        "ENTITY_VERSION_ID" : 0,
        "ADVANCE_PREPAY_FLAG" : "N",
        "BILLEDDATE" : null,
        "CALCULATED_INTEREST_AMOUNT" : null,
        "CLOSING_PRINCIPAL" : 286637,
        "DUEDATE" : "2017-05-04T18:30:00Z",
        "BILLED_FLAG" : "N",
        "EFFECTIVE_INSTL_AMT" : null,
        "EFFECTIVE_INTEREST_RATE" : 10.8,
        "EMI_PEMI_FLAG" : "E",
        "INSTALMENT_AMOUNT" : 15041,
        "INSTALLMENT_INDICATOR" : "NA",
        "INSTALMENT_NUMBER" : 3,
        "INTEREST_COMPONENT" : 2691,
        "LOANID" : 5000463,
        "INTEREST_DAYS" : 30,
        "BALANCE_PRINCIPAL" : 298987,
        "PRINCIPAL_COMPONENT" : 12350,
        "TDS_AMT" : null,
        "TDS_RATE" : null,
        "VAPID" : 0,
        "PERSISTENT_FORM_DATA" : null
      }, {
        "ID" : 5014935,
        "AUTHORIZATION_BUSINESS_DATE" : "2017-03-07T18:30:00Z",
        "CREATED_BY_URI" : "com.nucleus.user.User:9001",
        "CREATION_TIME_STAMP" : "2018-08-21T10:57:50Z",
        "LAST_UPDATED_BY_URI" : "com.nucleus.user.User:9001",
        "LAST_UPDATED_TIME_STAMP" : null,
        "PERSISTENCE_STATUS" : 0,
        "SNAPSHOT_RECORD" : 0,
        "SYSTEM_MODIFIABLE_ONLY" : 1,
        "UUID" : "22802251196114128-0.33449876311817783",
        "MAKE_BUSINESS_DATE" : "2017-03-07T18:30:00Z",
        "TENANT_ID" : 505,
        "ENTITY_VERSION_ID" : 0,
        "ADVANCE_PREPAY_FLAG" : "N",
        "BILLEDDATE" : null,
        "CALCULATED_INTEREST_AMOUNT" : null,
        "CLOSING_PRINCIPAL" : 274176,
        "DUEDATE" : "2017-06-04T18:30:00Z",
        "BILLED_FLAG" : "N",
        "EFFECTIVE_INSTL_AMT" : null,
        "EFFECTIVE_INTEREST_RATE" : 10.8,
        "EMI_PEMI_FLAG" : "E",
        "INSTALMENT_AMOUNT" : 15041,
        "INSTALLMENT_INDICATOR" : "NA",
        "INSTALMENT_NUMBER" : 4,
        "INTEREST_COMPONENT" : 2580,
        "LOANID" : 5000463,
        "INTEREST_DAYS" : 30,
        "BALANCE_PRINCIPAL" : 286637,
        "PRINCIPAL_COMPONENT" : 12461,
        "TDS_AMT" : null,
        "TDS_RATE" : null,
        "VAPID" : 0,
        "PERSISTENT_FORM_DATA" : null
      }, {
        "ID" : 5014936,
        "AUTHORIZATION_BUSINESS_DATE" : "2017-03-07T18:30:00Z",
        "CREATED_BY_URI" : "com.nucleus.user.User:9001",
        "CREATION_TIME_STAMP" : "2018-08-21T10:57:50Z",
        "LAST_UPDATED_BY_URI" : "com.nucleus.user.User:9001",
        "LAST_UPDATED_TIME_STAMP" : null,
        "PERSISTENCE_STATUS" : 0,
        "SNAPSHOT_RECORD" : 0,
        "SYSTEM_MODIFIABLE_ONLY" : 1,
        "UUID" : "22802251196208097-0.7765517474529329",
        "MAKE_BUSINESS_DATE" : "2017-03-07T18:30:00Z",
        "TENANT_ID" : 505,
        "ENTITY_VERSION_ID" : 0,
        "ADVANCE_PREPAY_FLAG" : "N",
        "BILLEDDATE" : null,
        "CALCULATED_INTEREST_AMOUNT" : null,
        "CLOSING_PRINCIPAL" : 261603,
        "DUEDATE" : "2017-07-04T18:30:00Z",
        "BILLED_FLAG" : "N",
        "EFFECTIVE_INSTL_AMT" : null,
        "EFFECTIVE_INTEREST_RATE" : 10.8,
        "EMI_PEMI_FLAG" : "E",
        "INSTALMENT_AMOUNT" : 15041,
        "INSTALLMENT_INDICATOR" : "NA",
        "INSTALMENT_NUMBER" : 5,
        "INTEREST_COMPONENT" : 2468,
        "LOANID" : 5000463,
        "INTEREST_DAYS" : 30,
        "BALANCE_PRINCIPAL" : 274176,
        "PRINCIPAL_COMPONENT" : 12573,
        "TDS_AMT" : null,
        "TDS_RATE" : null,
        "VAPID" : 0,
        "PERSISTENT_FORM_DATA" : null
      }, {
        "ID" : 5014937,
        "AUTHORIZATION_BUSINESS_DATE" : "2017-03-07T18:30:00Z",
        "CREATED_BY_URI" : "com.nucleus.user.User:9001",
        "CREATION_TIME_STAMP" : "2018-08-21T10:57:50Z",
        "LAST_UPDATED_BY_URI" : "com.nucleus.user.User:9001",
        "LAST_UPDATED_TIME_STAMP" : null,
        "PERSISTENCE_STATUS" : 0,
        "SNAPSHOT_RECORD" : 0,
        "SYSTEM_MODIFIABLE_ONLY" : 1,
        "UUID" : "22802251196233373-0.46267633666249475",
        "MAKE_BUSINESS_DATE" : "2017-03-07T18:30:00Z",
        "TENANT_ID" : 505,
        "ENTITY_VERSION_ID" : 0,
        "ADVANCE_PREPAY_FLAG" : "N",
        "BILLEDDATE" : null,
        "CALCULATED_INTEREST_AMOUNT" : null,
        "CLOSING_PRINCIPAL" : 248916,
        "DUEDATE" : "2017-08-04T18:30:00Z",
        "BILLED_FLAG" : "N",
        "EFFECTIVE_INSTL_AMT" : null,
        "EFFECTIVE_INTEREST_RATE" : 10.8,
        "EMI_PEMI_FLAG" : "E",
        "INSTALMENT_AMOUNT" : 15041,
        "INSTALLMENT_INDICATOR" : "NA",
        "INSTALMENT_NUMBER" : 6,
        "INTEREST_COMPONENT" : 2354,
        "LOANID" : 5000463,
        "INTEREST_DAYS" : 30,
        "BALANCE_PRINCIPAL" : 261603,
        "PRINCIPAL_COMPONENT" : 12687,
        "TDS_AMT" : null,
        "TDS_RATE" : null,
        "VAPID" : 0,
        "PERSISTENT_FORM_DATA" : null
      }, {
        "ID" : 5014938,
        "AUTHORIZATION_BUSINESS_DATE" : "2017-03-07T18:30:00Z",
        "CREATED_BY_URI" : "com.nucleus.user.User:9001",
        "CREATION_TIME_STAMP" : "2018-08-21T10:57:50Z",
        "LAST_UPDATED_BY_URI" : "com.nucleus.user.User:9001",
        "LAST_UPDATED_TIME_STAMP" : null,
        "PERSISTENCE_STATUS" : 0,
        "SNAPSHOT_RECORD" : 0,
        "SYSTEM_MODIFIABLE_ONLY" : 1,
        "UUID" : "22802251196251173-0.5101536311722201",
        "MAKE_BUSINESS_DATE" : "2017-03-07T18:30:00Z",
        "TENANT_ID" : 505,
        "ENTITY_VERSION_ID" : 0,
        "ADVANCE_PREPAY_FLAG" : "N",
        "BILLEDDATE" : null,
        "CALCULATED_INTEREST_AMOUNT" : null,
        "CLOSING_PRINCIPAL" : 236115,
        "DUEDATE" : "2017-09-04T18:30:00Z",
        "BILLED_FLAG" : "N",
        "EFFECTIVE_INSTL_AMT" : null,
        "EFFECTIVE_INTEREST_RATE" : 10.8,
        "EMI_PEMI_FLAG" : "E",
        "INSTALMENT_AMOUNT" : 15041,
        "INSTALLMENT_INDICATOR" : "NA",
        "INSTALMENT_NUMBER" : 7,
        "INTEREST_COMPONENT" : 2240,
        "LOANID" : 5000463,
        "INTEREST_DAYS" : 30,
        "BALANCE_PRINCIPAL" : 248916,
        "PRINCIPAL_COMPONENT" : 12801,
        "TDS_AMT" : null,
        "TDS_RATE" : null,
        "VAPID" : 0,
        "PERSISTENT_FORM_DATA" : null
      }, {
        "ID" : 5014939,
        "AUTHORIZATION_BUSINESS_DATE" : "2017-03-07T18:30:00Z",
        "CREATED_BY_URI" : "com.nucleus.user.User:9001",
        "CREATION_TIME_STAMP" : "2018-08-21T10:57:50Z",
        "LAST_UPDATED_BY_URI" : "com.nucleus.user.User:9001",
        "LAST_UPDATED_TIME_STAMP" : null,
        "PERSISTENCE_STATUS" : 0,
        "SNAPSHOT_RECORD" : 0,
        "SYSTEM_MODIFIABLE_ONLY" : 1,
        "UUID" : "22802251196268683-0.2517005292628458",
        "MAKE_BUSINESS_DATE" : "2017-03-07T18:30:00Z",
        "TENANT_ID" : 505,
        "ENTITY_VERSION_ID" : 0,
        "ADVANCE_PREPAY_FLAG" : "N",
        "BILLEDDATE" : null,
        "CALCULATED_INTEREST_AMOUNT" : null,
        "CLOSING_PRINCIPAL" : 223199,
        "DUEDATE" : "2017-10-04T18:30:00Z",
        "BILLED_FLAG" : "N",
        "EFFECTIVE_INSTL_AMT" : null,
        "EFFECTIVE_INTEREST_RATE" : 10.8,
        "EMI_PEMI_FLAG" : "E",
        "INSTALMENT_AMOUNT" : 15041,
        "INSTALLMENT_INDICATOR" : "NA",
        "INSTALMENT_NUMBER" : 8,
        "INTEREST_COMPONENT" : 2125,
        "LOANID" : 5000463,
        "INTEREST_DAYS" : 30,
        "BALANCE_PRINCIPAL" : 236115,
        "PRINCIPAL_COMPONENT" : 12916,
        "TDS_AMT" : null,
        "TDS_RATE" : null,
        "VAPID" : 0,
        "PERSISTENT_FORM_DATA" : null
      }, {
        "ID" : 5014940,
        "AUTHORIZATION_BUSINESS_DATE" : "2017-03-07T18:30:00Z",
        "CREATED_BY_URI" : "com.nucleus.user.User:9001",
        "CREATION_TIME_STAMP" : "2018-08-21T10:57:50Z",
        "LAST_UPDATED_BY_URI" : "com.nucleus.user.User:9001",
        "LAST_UPDATED_TIME_STAMP" : null,
        "PERSISTENCE_STATUS" : 0,
        "SNAPSHOT_RECORD" : 0,
        "SYSTEM_MODIFIABLE_ONLY" : 1,
        "UUID" : "22802251196285818-0.41221498736747797",
        "MAKE_BUSINESS_DATE" : "2017-03-07T18:30:00Z",
        "TENANT_ID" : 505,
        "ENTITY_VERSION_ID" : 0,
        "ADVANCE_PREPAY_FLAG" : "N",
        "BILLEDDATE" : null,
        "CALCULATED_INTEREST_AMOUNT" : null,
        "CLOSING_PRINCIPAL" : 210167,
        "DUEDATE" : "2017-11-04T18:30:00Z",
        "BILLED_FLAG" : "N",
        "EFFECTIVE_INSTL_AMT" : null,
        "EFFECTIVE_INTEREST_RATE" : 10.8,
        "EMI_PEMI_FLAG" : "E",
        "INSTALMENT_AMOUNT" : 15041,
        "INSTALLMENT_INDICATOR" : "NA",
        "INSTALMENT_NUMBER" : 9,
        "INTEREST_COMPONENT" : 2009,
        "LOANID" : 5000463,
        "INTEREST_DAYS" : 30,
        "BALANCE_PRINCIPAL" : 223199,
        "PRINCIPAL_COMPONENT" : 13032,
        "TDS_AMT" : null,
        "TDS_RATE" : null,
        "VAPID" : 0,
        "PERSISTENT_FORM_DATA" : null
      }, {
        "ID" : 5014941,
        "AUTHORIZATION_BUSINESS_DATE" : "2017-03-07T18:30:00Z",
        "CREATED_BY_URI" : "com.nucleus.user.User:9001",
        "CREATION_TIME_STAMP" : "2018-08-21T10:57:50Z",
        "LAST_UPDATED_BY_URI" : "com.nucleus.user.User:9001",
        "LAST_UPDATED_TIME_STAMP" : null,
        "PERSISTENCE_STATUS" : 0,
        "SNAPSHOT_RECORD" : 0,
        "SYSTEM_MODIFIABLE_ONLY" : 1,
        "UUID" : "22802251196302658-0.4800826330404928",
        "MAKE_BUSINESS_DATE" : "2017-03-07T18:30:00Z",
        "TENANT_ID" : 505,
        "ENTITY_VERSION_ID" : 0,
        "ADVANCE_PREPAY_FLAG" : "N",
        "BILLEDDATE" : null,
        "CALCULATED_INTEREST_AMOUNT" : null,
        "CLOSING_PRINCIPAL" : 197018,
        "DUEDATE" : "2017-12-04T18:30:00Z",
        "BILLED_FLAG" : "N",
        "EFFECTIVE_INSTL_AMT" : null,
        "EFFECTIVE_INTEREST_RATE" : 10.8,
        "EMI_PEMI_FLAG" : "E",
        "INSTALMENT_AMOUNT" : 15041,
        "INSTALLMENT_INDICATOR" : "NA",
        "INSTALMENT_NUMBER" : 10,
        "INTEREST_COMPONENT" : 1892,
        "LOANID" : 5000463,
        "INTEREST_DAYS" : 30,
        "BALANCE_PRINCIPAL" : 210167,
        "PRINCIPAL_COMPONENT" : 13149,
        "TDS_AMT" : null,
        "TDS_RATE" : null,
        "VAPID" : 0,
        "PERSISTENT_FORM_DATA" : null
      }, {
        "ID" : 5014942,
        "AUTHORIZATION_BUSINESS_DATE" : "2017-03-07T18:30:00Z",
        "CREATED_BY_URI" : "com.nucleus.user.User:9001",
        "CREATION_TIME_STAMP" : "2018-08-21T10:57:50Z",
        "LAST_UPDATED_BY_URI" : "com.nucleus.user.User:9001",
        "LAST_UPDATED_TIME_STAMP" : null,
        "PERSISTENCE_STATUS" : 0,
        "SNAPSHOT_RECORD" : 0,
        "SYSTEM_MODIFIABLE_ONLY" : 1,
        "UUID" : "22802251196319617-0.07411654316627514",
        "MAKE_BUSINESS_DATE" : "2017-03-07T18:30:00Z",
        "TENANT_ID" : 505,
        "ENTITY_VERSION_ID" : 0,
        "ADVANCE_PREPAY_FLAG" : "N",
        "BILLEDDATE" : null,
        "CALCULATED_INTEREST_AMOUNT" : null,
        "CLOSING_PRINCIPAL" : 183750,
        "DUEDATE" : "2018-01-04T18:30:00Z",
        "BILLED_FLAG" : "N",
        "EFFECTIVE_INSTL_AMT" : null,
        "EFFECTIVE_INTEREST_RATE" : 10.8,
        "EMI_PEMI_FLAG" : "E",
        "INSTALMENT_AMOUNT" : 15041,
        "INSTALLMENT_INDICATOR" : "NA",
        "INSTALMENT_NUMBER" : 11,
        "INTEREST_COMPONENT" : 1773,
        "LOANID" : 5000463,
        "INTEREST_DAYS" : 30,
        "BALANCE_PRINCIPAL" : 197018,
        "PRINCIPAL_COMPONENT" : 13268,
        "TDS_AMT" : null,
        "TDS_RATE" : null,
        "VAPID" : 0,
        "PERSISTENT_FORM_DATA" : null
      }, {
        "ID" : 5014943,
        "AUTHORIZATION_BUSINESS_DATE" : "2017-03-07T18:30:00Z",
        "CREATED_BY_URI" : "com.nucleus.user.User:9001",
        "CREATION_TIME_STAMP" : "2018-08-21T10:57:50Z",
        "LAST_UPDATED_BY_URI" : "com.nucleus.user.User:9001",
        "LAST_UPDATED_TIME_STAMP" : null,
        "PERSISTENCE_STATUS" : 0,
        "SNAPSHOT_RECORD" : 0,
        "SYSTEM_MODIFIABLE_ONLY" : 1,
        "UUID" : "22802251196340441-0.8463149919568135",
        "MAKE_BUSINESS_DATE" : "2017-03-07T18:30:00Z",
        "TENANT_ID" : 505,
        "ENTITY_VERSION_ID" : 0,
        "ADVANCE_PREPAY_FLAG" : "N",
        "BILLEDDATE" : null,
        "CALCULATED_INTEREST_AMOUNT" : null,
        "CLOSING_PRINCIPAL" : 170363,
        "DUEDATE" : "2018-02-04T18:30:00Z",
        "BILLED_FLAG" : "N",
        "EFFECTIVE_INSTL_AMT" : null,
        "EFFECTIVE_INTEREST_RATE" : 10.8,
        "EMI_PEMI_FLAG" : "E",
        "INSTALMENT_AMOUNT" : 15041,
        "INSTALLMENT_INDICATOR" : "NA",
        "INSTALMENT_NUMBER" : 12,
        "INTEREST_COMPONENT" : 1654,
        "LOANID" : 5000463,
        "INTEREST_DAYS" : 30,
        "BALANCE_PRINCIPAL" : 183750,
        "PRINCIPAL_COMPONENT" : 13387,
        "TDS_AMT" : null,
        "TDS_RATE" : null,
        "VAPID" : 0,
        "PERSISTENT_FORM_DATA" : null
      }, {
        "ID" : 5014944,
        "AUTHORIZATION_BUSINESS_DATE" : "2017-03-07T18:30:00Z",
        "CREATED_BY_URI" : "com.nucleus.user.User:9001",
        "CREATION_TIME_STAMP" : "2018-08-21T10:57:50Z",
        "LAST_UPDATED_BY_URI" : "com.nucleus.user.User:9001",
        "LAST_UPDATED_TIME_STAMP" : null,
        "PERSISTENCE_STATUS" : 0,
        "SNAPSHOT_RECORD" : 0,
        "SYSTEM_MODIFIABLE_ONLY" : 1,
        "UUID" : "22802251196358265-0.290167467702117",
        "MAKE_BUSINESS_DATE" : "2017-03-07T18:30:00Z",
        "TENANT_ID" : 505,
        "ENTITY_VERSION_ID" : 0,
        "ADVANCE_PREPAY_FLAG" : "N",
        "BILLEDDATE" : null,
        "CALCULATED_INTEREST_AMOUNT" : null,
        "CLOSING_PRINCIPAL" : 156855,
        "DUEDATE" : "2018-03-04T18:30:00Z",
        "BILLED_FLAG" : "N",
        "EFFECTIVE_INSTL_AMT" : null,
        "EFFECTIVE_INTEREST_RATE" : 10.8,
        "EMI_PEMI_FLAG" : "E",
        "INSTALMENT_AMOUNT" : 15041,
        "INSTALLMENT_INDICATOR" : "NA",
        "INSTALMENT_NUMBER" : 13,
        "INTEREST_COMPONENT" : 1533,
        "LOANID" : 5000463,
        "INTEREST_DAYS" : 30,
        "BALANCE_PRINCIPAL" : 170363,
        "PRINCIPAL_COMPONENT" : 13508,
        "TDS_AMT" : null,
        "TDS_RATE" : null,
        "VAPID" : 0,
        "PERSISTENT_FORM_DATA" : null
      }, {
        "ID" : 5014945,
        "AUTHORIZATION_BUSINESS_DATE" : "2017-03-07T18:30:00Z",
        "CREATED_BY_URI" : "com.nucleus.user.User:9001",
        "CREATION_TIME_STAMP" : "2018-08-21T10:57:50Z",
        "LAST_UPDATED_BY_URI" : "com.nucleus.user.User:9001",
        "LAST_UPDATED_TIME_STAMP" : null,
        "PERSISTENCE_STATUS" : 0,
        "SNAPSHOT_RECORD" : 0,
        "SYSTEM_MODIFIABLE_ONLY" : 1,
        "UUID" : "22802251196375273-0.40709894779605027",
        "MAKE_BUSINESS_DATE" : "2017-03-07T18:30:00Z",
        "TENANT_ID" : 505,
        "ENTITY_VERSION_ID" : 0,
        "ADVANCE_PREPAY_FLAG" : "N",
        "BILLEDDATE" : null,
        "CALCULATED_INTEREST_AMOUNT" : null,
        "CLOSING_PRINCIPAL" : 143226,
        "DUEDATE" : "2018-04-04T18:30:00Z",
        "BILLED_FLAG" : "N",
        "EFFECTIVE_INSTL_AMT" : null,
        "EFFECTIVE_INTEREST_RATE" : 10.8,
        "EMI_PEMI_FLAG" : "E",
        "INSTALMENT_AMOUNT" : 15041,
        "INSTALLMENT_INDICATOR" : "NA",
        "INSTALMENT_NUMBER" : 14,
        "INTEREST_COMPONENT" : 1412,
        "LOANID" : 5000463,
        "INTEREST_DAYS" : 30,
        "BALANCE_PRINCIPAL" : 156855,
        "PRINCIPAL_COMPONENT" : 13629,
        "TDS_AMT" : null,
        "TDS_RATE" : null,
        "VAPID" : 0,
        "PERSISTENT_FORM_DATA" : null
      }, {
        "ID" : 5014946,
        "AUTHORIZATION_BUSINESS_DATE" : "2017-03-07T18:30:00Z",
        "CREATED_BY_URI" : "com.nucleus.user.User:9001",
        "CREATION_TIME_STAMP" : "2018-08-21T10:57:50Z",
        "LAST_UPDATED_BY_URI" : "com.nucleus.user.User:9001",
        "LAST_UPDATED_TIME_STAMP" : null,
        "PERSISTENCE_STATUS" : 0,
        "SNAPSHOT_RECORD" : 0,
        "SYSTEM_MODIFIABLE_ONLY" : 1,
        "UUID" : "22802251196392171-0.09740648052882406",
        "MAKE_BUSINESS_DATE" : "2017-03-07T18:30:00Z",
        "TENANT_ID" : 505,
        "ENTITY_VERSION_ID" : 0,
        "ADVANCE_PREPAY_FLAG" : "N",
        "BILLEDDATE" : null,
        "CALCULATED_INTEREST_AMOUNT" : null,
        "CLOSING_PRINCIPAL" : 129474,
        "DUEDATE" : "2018-05-04T18:30:00Z",
        "BILLED_FLAG" : "N",
        "EFFECTIVE_INSTL_AMT" : null,
        "EFFECTIVE_INTEREST_RATE" : 10.8,
        "EMI_PEMI_FLAG" : "E",
        "INSTALMENT_AMOUNT" : 15041,
        "INSTALLMENT_INDICATOR" : "NA",
        "INSTALMENT_NUMBER" : 15,
        "INTEREST_COMPONENT" : 1289,
        "LOANID" : 5000463,
        "INTEREST_DAYS" : 30,
        "BALANCE_PRINCIPAL" : 143226,
        "PRINCIPAL_COMPONENT" : 13752,
        "TDS_AMT" : null,
        "TDS_RATE" : null,
        "VAPID" : 0,
        "PERSISTENT_FORM_DATA" : null
      }, {
        "ID" : 5014947,
        "AUTHORIZATION_BUSINESS_DATE" : "2017-03-07T18:30:00Z",
        "CREATED_BY_URI" : "com.nucleus.user.User:9001",
        "CREATION_TIME_STAMP" : "2018-08-21T10:57:50Z",
        "LAST_UPDATED_BY_URI" : "com.nucleus.user.User:9001",
        "LAST_UPDATED_TIME_STAMP" : null,
        "PERSISTENCE_STATUS" : 0,
        "SNAPSHOT_RECORD" : 0,
        "SYSTEM_MODIFIABLE_ONLY" : 1,
        "UUID" : "22802251196409785-0.6691164537511141",
        "MAKE_BUSINESS_DATE" : "2017-03-07T18:30:00Z",
        "TENANT_ID" : 505,
        "ENTITY_VERSION_ID" : 0,
        "ADVANCE_PREPAY_FLAG" : "N",
        "BILLEDDATE" : null,
        "CALCULATED_INTEREST_AMOUNT" : null,
        "CLOSING_PRINCIPAL" : 115598,
        "DUEDATE" : "2018-06-04T18:30:00Z",
        "BILLED_FLAG" : "N",
        "EFFECTIVE_INSTL_AMT" : null,
        "EFFECTIVE_INTEREST_RATE" : 10.8,
        "EMI_PEMI_FLAG" : "E",
        "INSTALMENT_AMOUNT" : 15041,
        "INSTALLMENT_INDICATOR" : "NA",
        "INSTALMENT_NUMBER" : 16,
        "INTEREST_COMPONENT" : 1165,
        "LOANID" : 5000463,
        "INTEREST_DAYS" : 30,
        "BALANCE_PRINCIPAL" : 129474,
        "PRINCIPAL_COMPONENT" : 13876,
        "TDS_AMT" : null,
        "TDS_RATE" : null,
        "VAPID" : 0,
        "PERSISTENT_FORM_DATA" : null
      }, {
        "ID" : 5014948,
        "AUTHORIZATION_BUSINESS_DATE" : "2017-03-07T18:30:00Z",
        "CREATED_BY_URI" : "com.nucleus.user.User:9001",
        "CREATION_TIME_STAMP" : "2018-08-21T10:57:50Z",
        "LAST_UPDATED_BY_URI" : "com.nucleus.user.User:9001",
        "LAST_UPDATED_TIME_STAMP" : null,
        "PERSISTENCE_STATUS" : 0,
        "SNAPSHOT_RECORD" : 0,
        "SYSTEM_MODIFIABLE_ONLY" : 1,
        "UUID" : "22802251196426806-0.602546548088347",
        "MAKE_BUSINESS_DATE" : "2017-03-07T18:30:00Z",
        "TENANT_ID" : 505,
        "ENTITY_VERSION_ID" : 0,
        "ADVANCE_PREPAY_FLAG" : "N",
        "BILLEDDATE" : null,
        "CALCULATED_INTEREST_AMOUNT" : null,
        "CLOSING_PRINCIPAL" : 101597,
        "DUEDATE" : "2018-07-04T18:30:00Z",
        "BILLED_FLAG" : "N",
        "EFFECTIVE_INSTL_AMT" : null,
        "EFFECTIVE_INTEREST_RATE" : 10.8,
        "EMI_PEMI_FLAG" : "E",
        "INSTALMENT_AMOUNT" : 15041,
        "INSTALLMENT_INDICATOR" : "NA",
        "INSTALMENT_NUMBER" : 17,
        "INTEREST_COMPONENT" : 1040,
        "LOANID" : 5000463,
        "INTEREST_DAYS" : 30,
        "BALANCE_PRINCIPAL" : 115598,
        "PRINCIPAL_COMPONENT" : 14001,
        "TDS_AMT" : null,
        "TDS_RATE" : null,
        "VAPID" : 0,
        "PERSISTENT_FORM_DATA" : null
      }, {
        "ID" : 5014949,
        "AUTHORIZATION_BUSINESS_DATE" : "2017-03-07T18:30:00Z",
        "CREATED_BY_URI" : "com.nucleus.user.User:9001",
        "CREATION_TIME_STAMP" : "2018-08-21T10:57:50Z",
        "LAST_UPDATED_BY_URI" : "com.nucleus.user.User:9001",
        "LAST_UPDATED_TIME_STAMP" : null,
        "PERSISTENCE_STATUS" : 0,
        "SNAPSHOT_RECORD" : 0,
        "SYSTEM_MODIFIABLE_ONLY" : 1,
        "UUID" : "22802251196443847-0.26161808662700214",
        "MAKE_BUSINESS_DATE" : "2017-03-07T18:30:00Z",
        "TENANT_ID" : 505,
        "ENTITY_VERSION_ID" : 0,
        "ADVANCE_PREPAY_FLAG" : "N",
        "BILLEDDATE" : null,
        "CALCULATED_INTEREST_AMOUNT" : null,
        "CLOSING_PRINCIPAL" : 87470,
        "DUEDATE" : "2018-08-04T18:30:00Z",
        "BILLED_FLAG" : "N",
        "EFFECTIVE_INSTL_AMT" : null,
        "EFFECTIVE_INTEREST_RATE" : 10.8,
        "EMI_PEMI_FLAG" : "E",
        "INSTALMENT_AMOUNT" : 15041,
        "INSTALLMENT_INDICATOR" : "NA",
        "INSTALMENT_NUMBER" : 18,
        "INTEREST_COMPONENT" : 914,
        "LOANID" : 5000463,
        "INTEREST_DAYS" : 30,
        "BALANCE_PRINCIPAL" : 101597,
        "PRINCIPAL_COMPONENT" : 14127,
        "TDS_AMT" : null,
        "TDS_RATE" : null,
        "VAPID" : 0,
        "PERSISTENT_FORM_DATA" : null
      }, {
        "ID" : 5014950,
        "AUTHORIZATION_BUSINESS_DATE" : "2017-03-07T18:30:00Z",
        "CREATED_BY_URI" : "com.nucleus.user.User:9001",
        "CREATION_TIME_STAMP" : "2018-08-21T10:57:50Z",
        "LAST_UPDATED_BY_URI" : "com.nucleus.user.User:9001",
        "LAST_UPDATED_TIME_STAMP" : null,
        "PERSISTENCE_STATUS" : 0,
        "SNAPSHOT_RECORD" : 0,
        "SYSTEM_MODIFIABLE_ONLY" : 1,
        "UUID" : "22802251196460875-0.2787012075896219",
        "MAKE_BUSINESS_DATE" : "2017-03-07T18:30:00Z",
        "TENANT_ID" : 505,
        "ENTITY_VERSION_ID" : 0,
        "ADVANCE_PREPAY_FLAG" : "N",
        "BILLEDDATE" : null,
        "CALCULATED_INTEREST_AMOUNT" : null,
        "CLOSING_PRINCIPAL" : 73216,
        "DUEDATE" : "2018-09-04T18:30:00Z",
        "BILLED_FLAG" : "N",
        "EFFECTIVE_INSTL_AMT" : null,
        "EFFECTIVE_INTEREST_RATE" : 10.8,
        "EMI_PEMI_FLAG" : "E",
        "INSTALMENT_AMOUNT" : 15041,
        "INSTALLMENT_INDICATOR" : "NA",
        "INSTALMENT_NUMBER" : 19,
        "INTEREST_COMPONENT" : 787,
        "LOANID" : 5000463,
        "INTEREST_DAYS" : 30,
        "BALANCE_PRINCIPAL" : 87470,
        "PRINCIPAL_COMPONENT" : 14254,
        "TDS_AMT" : null,
        "TDS_RATE" : null,
        "VAPID" : 0,
        "PERSISTENT_FORM_DATA" : null
      }, {
        "ID" : 5014951,
        "AUTHORIZATION_BUSINESS_DATE" : "2017-03-07T18:30:00Z",
        "CREATED_BY_URI" : "com.nucleus.user.User:9001",
        "CREATION_TIME_STAMP" : "2018-08-21T10:57:50Z",
        "LAST_UPDATED_BY_URI" : "com.nucleus.user.User:9001",
        "LAST_UPDATED_TIME_STAMP" : null,
        "PERSISTENCE_STATUS" : 0,
        "SNAPSHOT_RECORD" : 0,
        "SYSTEM_MODIFIABLE_ONLY" : 1,
        "UUID" : "22802251196478337-0.9211815084247635",
        "MAKE_BUSINESS_DATE" : "2017-03-07T18:30:00Z",
        "TENANT_ID" : 505,
        "ENTITY_VERSION_ID" : 0,
        "ADVANCE_PREPAY_FLAG" : "N",
        "BILLEDDATE" : null,
        "CALCULATED_INTEREST_AMOUNT" : null,
        "CLOSING_PRINCIPAL" : 58834,
        "DUEDATE" : "2018-10-04T18:30:00Z",
        "BILLED_FLAG" : "N",
        "EFFECTIVE_INSTL_AMT" : null,
        "EFFECTIVE_INTEREST_RATE" : 10.8,
        "EMI_PEMI_FLAG" : "E",
        "INSTALMENT_AMOUNT" : 15041,
        "INSTALLMENT_INDICATOR" : "NA",
        "INSTALMENT_NUMBER" : 20,
        "INTEREST_COMPONENT" : 659,
        "LOANID" : 5000463,
        "INTEREST_DAYS" : 30,
        "BALANCE_PRINCIPAL" : 73216,
        "PRINCIPAL_COMPONENT" : 14382,
        "TDS_AMT" : null,
        "TDS_RATE" : null,
        "VAPID" : 0,
        "PERSISTENT_FORM_DATA" : null
      }, {
        "ID" : 5014952,
        "AUTHORIZATION_BUSINESS_DATE" : "2017-03-07T18:30:00Z",
        "CREATED_BY_URI" : "com.nucleus.user.User:9001",
        "CREATION_TIME_STAMP" : "2018-08-21T10:57:50Z",
        "LAST_UPDATED_BY_URI" : "com.nucleus.user.User:9001",
        "LAST_UPDATED_TIME_STAMP" : null,
        "PERSISTENCE_STATUS" : 0,
        "SNAPSHOT_RECORD" : 0,
        "SYSTEM_MODIFIABLE_ONLY" : 1,
        "UUID" : "22802251196495546-0.2902978721655257",
        "MAKE_BUSINESS_DATE" : "2017-03-07T18:30:00Z",
        "TENANT_ID" : 505,
        "ENTITY_VERSION_ID" : 0,
        "ADVANCE_PREPAY_FLAG" : "N",
        "BILLEDDATE" : null,
        "CALCULATED_INTEREST_AMOUNT" : null,
        "CLOSING_PRINCIPAL" : 44323,
        "DUEDATE" : "2018-11-04T18:30:00Z",
        "BILLED_FLAG" : "N",
        "EFFECTIVE_INSTL_AMT" : null,
        "EFFECTIVE_INTEREST_RATE" : 10.8,
        "EMI_PEMI_FLAG" : "E",
        "INSTALMENT_AMOUNT" : 15041,
        "INSTALLMENT_INDICATOR" : "NA",
        "INSTALMENT_NUMBER" : 21,
        "INTEREST_COMPONENT" : 530,
        "LOANID" : 5000463,
        "INTEREST_DAYS" : 30,
        "BALANCE_PRINCIPAL" : 58834,
        "PRINCIPAL_COMPONENT" : 14511,
        "TDS_AMT" : null,
        "TDS_RATE" : null,
        "VAPID" : 0,
        "PERSISTENT_FORM_DATA" : null
      }, {
        "ID" : 5014953,
        "AUTHORIZATION_BUSINESS_DATE" : "2017-03-07T18:30:00Z",
        "CREATED_BY_URI" : "com.nucleus.user.User:9001",
        "CREATION_TIME_STAMP" : "2018-08-21T10:57:50Z",
        "LAST_UPDATED_BY_URI" : "com.nucleus.user.User:9001",
        "LAST_UPDATED_TIME_STAMP" : null,
        "PERSISTENCE_STATUS" : 0,
        "SNAPSHOT_RECORD" : 0,
        "SYSTEM_MODIFIABLE_ONLY" : 1,
        "UUID" : "22802251196515572-0.4383944994282061",
        "MAKE_BUSINESS_DATE" : "2017-03-07T18:30:00Z",
        "TENANT_ID" : 505,
        "ENTITY_VERSION_ID" : 0,
        "ADVANCE_PREPAY_FLAG" : "N",
        "BILLEDDATE" : null,
        "CALCULATED_INTEREST_AMOUNT" : null,
        "CLOSING_PRINCIPAL" : 29681,
        "DUEDATE" : "2018-12-04T18:30:00Z",
        "BILLED_FLAG" : "N",
        "EFFECTIVE_INSTL_AMT" : null,
        "EFFECTIVE_INTEREST_RATE" : 10.8,
        "EMI_PEMI_FLAG" : "E",
        "INSTALMENT_AMOUNT" : 15041,
        "INSTALLMENT_INDICATOR" : "NA",
        "INSTALMENT_NUMBER" : 22,
        "INTEREST_COMPONENT" : 399,
        "LOANID" : 5000463,
        "INTEREST_DAYS" : 30,
        "BALANCE_PRINCIPAL" : 44323,
        "PRINCIPAL_COMPONENT" : 14642,
        "TDS_AMT" : null,
        "TDS_RATE" : null,
        "VAPID" : 0,
        "PERSISTENT_FORM_DATA" : null
      }, {
        "ID" : 5014954,
        "AUTHORIZATION_BUSINESS_DATE" : "2017-03-07T18:30:00Z",
        "CREATED_BY_URI" : "com.nucleus.user.User:9001",
        "CREATION_TIME_STAMP" : "2018-08-21T10:57:50Z",
        "LAST_UPDATED_BY_URI" : "com.nucleus.user.User:9001",
        "LAST_UPDATED_TIME_STAMP" : null,
        "PERSISTENCE_STATUS" : 0,
        "SNAPSHOT_RECORD" : 0,
        "SYSTEM_MODIFIABLE_ONLY" : 1,
        "UUID" : "22802251196534054-0.940079011067789",
        "MAKE_BUSINESS_DATE" : "2017-03-07T18:30:00Z",
        "TENANT_ID" : 505,
        "ENTITY_VERSION_ID" : 0,
        "ADVANCE_PREPAY_FLAG" : "N",
        "BILLEDDATE" : null,
        "CALCULATED_INTEREST_AMOUNT" : null,
        "CLOSING_PRINCIPAL" : 14907,
        "DUEDATE" : "2019-01-04T18:30:00Z",
        "BILLED_FLAG" : "N",
        "EFFECTIVE_INSTL_AMT" : null,
        "EFFECTIVE_INTEREST_RATE" : 10.8,
        "EMI_PEMI_FLAG" : "E",
        "INSTALMENT_AMOUNT" : 15041,
        "INSTALLMENT_INDICATOR" : "NA",
        "INSTALMENT_NUMBER" : 23,
        "INTEREST_COMPONENT" : 267,
        "LOANID" : 5000463,
        "INTEREST_DAYS" : 30,
        "BALANCE_PRINCIPAL" : 29681,
        "PRINCIPAL_COMPONENT" : 14774,
        "TDS_AMT" : null,
        "TDS_RATE" : null,
        "VAPID" : 0,
        "PERSISTENT_FORM_DATA" : null
      }, {
        "ID" : 5014955,
        "AUTHORIZATION_BUSINESS_DATE" : "2017-03-07T18:30:00Z",
        "CREATED_BY_URI" : "com.nucleus.user.User:9001",
        "CREATION_TIME_STAMP" : "2018-08-21T10:57:50Z",
        "LAST_UPDATED_BY_URI" : "com.nucleus.user.User:9001",
        "LAST_UPDATED_TIME_STAMP" : null,
        "PERSISTENCE_STATUS" : 0,
        "SNAPSHOT_RECORD" : 0,
        "SYSTEM_MODIFIABLE_ONLY" : 1,
        "UUID" : "22802251196551142-0.31241109315180926",
        "MAKE_BUSINESS_DATE" : "2017-03-07T18:30:00Z",
        "TENANT_ID" : 505,
        "ENTITY_VERSION_ID" : 0,
        "ADVANCE_PREPAY_FLAG" : "N",
        "BILLEDDATE" : null,
        "CALCULATED_INTEREST_AMOUNT" : null,
        "CLOSING_PRINCIPAL" : 0,
        "DUEDATE" : "2019-02-04T18:30:00Z",
        "BILLED_FLAG" : "N",
        "EFFECTIVE_INSTL_AMT" : null,
        "EFFECTIVE_INTEREST_RATE" : 10.8,
        "EMI_PEMI_FLAG" : "E",
        "INSTALMENT_AMOUNT" : 15041,
        "INSTALLMENT_INDICATOR" : "NA",
        "INSTALMENT_NUMBER" : 24,
        "INTEREST_COMPONENT" : 134,
        "LOANID" : 5000463,
        "INTEREST_DAYS" : 30,
        "BALANCE_PRINCIPAL" : 14907,
        "PRINCIPAL_COMPONENT" : 14907,
        "TDS_AMT" : null,
        "TDS_RATE" : null,
        "VAPID" : 0,
        "PERSISTENT_FORM_DATA" : null
      } ],
      "loan_additional_info" : {
        "ID" : 5000485,
        "AUTHORIZATION_BUSINESS_DATE" : "2017-03-07T18:30:00Z",
        "CREATED_BY_URI" : "com.nucleus.user.User:5000020",
        "CREATION_TIME_STAMP" : "2018-08-21T10:57:49Z",
        "LAST_UPDATED_BY_URI" : "com.nucleus.user.User:5000020",
        "LAST_UPDATED_TIME_STAMP" : "2018-08-21T12:24:52Z",
        "PERSISTENCE_STATUS" : 0,
        "SNAPSHOT_RECORD" : 0,
        "SYSTEM_MODIFIABLE_ONLY" : 1,
        "UUID" : "22802251058091208-0.7789863467012563",
        "MAKE_BUSINESS_DATE" : "2017-03-07T18:30:00Z",
        "TENANT_ID" : 505,
        "ENTITY_VERSION_ID" : 4,
        "ACTIVITY_ID" : null,
        "ALTERNATE_CHANNEL_MODE" : 111,
        "AUTOCLOSURE_ATTEMPTS" : null,
        "BT_ADJUST_AMOUNT_AT_DISBURSAL" : 0,
        "BT_FLAG" : null,
        "BENEFICIARY_ACCOUNT_NO" : null,
        "BENEFICIARY_AC_TYPE_ID" : null,
        "CAPITALIZE_INT_AMT" : 0,
        "CHARGE_SEPERATELY_DATE" : null,
        "CLOSURE_CANCELLATION_TXN_DATE" : "2017-03-07T18:30:00Z",
        "CONTRACT_CHARGES_APPLICABLE" : 1,
        "CURRENT_LIMIT_TRACKING_STATUS" : null,
        "CURTAILMENT_AMOUNT" : 0,
        "CURTAILMENT_FLAG" : 0,
        "CUSTOMER_TYPE" : "individual",
        "DSA_CODE" : "Sample",
        "DSA_NAME" : "Yamini",
        "DSE_CODE" : "SampleCode",
        "DSE_NAME" : "SampleName",
        "DAS_FLAG" : null,
        "DEPOSIT_LINKED_ACCOUNT" : null,
        "DIVISION_ID" : null,
        "DSA_ID" : 545345,
        "ECM_CASE_ID" : null,
        "ECM_CASE_NUMBER" : null,
        "EFFECTIVE_TDS_RATE_DATE" : null,
        "EMPLOYEE_CONTACT_NO" : "9899360274",
        "EMPLOYEE_NAME" : "Srishti Jain",
        "EMPLOYEE_NO" : "10198",
        "GAP_INT_CAPITALIZE_DATE" : null,
        "GAP_INTEREST_TREATMENT_TYPE" : null,
        "GROUP_ID" : null,
        "LAST_PAYMENT_MODE" : null,
        "LAST_PAYMENT_SUB_MODE" : null,
        "LAST_PROV_SECURITIZED_DEALID" : null,
        "LIMIT_REFERENCE_NO" : null,
        "LOAN_ACCRUED_AMT" : 1548,
        "LOAN_BILLED_INT_AMT" : 1548,
        "NAME" : null,
        "EMAIL_ADDRESS" : null,
        "PHONE_NUMBER" : null,
        "POSITION" : null,
        "SALUTATION_TYPE_ID" : null,
        "LOANID" : 5000463,
        "LOAN_PURPOSE" : null,
        "MORATORIUM_INT_AMT" : 0,
        "MORATORIUM_REVIEW_PROCESSED" : null,
        "MORATORIUM_TREATMENT_TYPE" : null,
        "NO_INTEREST_AMT" : 0,
        "OCCUPATION_ID" : null,
        "PAST_TENURE" : 1,
        "PREVIOUS_DAYS_PAST_DUE" : null,
        "PRIN_RECOVERY_DISBURSAL_ID" : 5000456,
        "PRIN_RECOVERY_REQ_DATE" : "2016-12-31T18:30:00Z",
        "PRIN_RECOVERY_STARTED" : 1,
        "PROMOTION_CODE" : null,
        "PROMOTION_DESCRIPTION" : null,
        "RATE_TREATMENT_ON_DISBURSAL" : 515115,
        "REBOOK_REF_LOAN_ACC_NO" : null,
        "RECOVERY_SUBTYPE_ID" : 600347,
        "SOURCING_BRANCH_ID" : 5,
        "SOURCING_CHANNEL" : 7002,
        "SOURCING_RMNAME" : "Reporting Manager",
        "SOURCING_SUPERVISORNAME" : "Supervisor Name",
        "STAFF_LOAN_FLAG" : "Y",
        "WL_STORED_DOCUMENT_ID" : 5003434,
        "SUB_DIVISION_ID" : null,
        "SUB_PRODUCT_DESC" : null,
        "SUBSIDY_LOCKIN_PERIOD_MONTHS" : null,
        "SUBSIDY_MARKING_DATE" : null,
        "SUBSIDY_TYPE" : null,
        "SUBVENTION_FLAG" : "N",
        "TDS_EFFECTIVE_DATE" : null,
        "TDS_REMOVAL_DATE" : null,
        "TIERED_RATE_TYPE" : 1234,
        "UTILIZATION_DISTRICT_ID" : null,
        "UTILIZATION_TALUKA_ID" : null,
        "PERSISTENT_FORM_DATA" : null,
        "BENEFICIARY_IFSC_CODE" : null,
        "BENEFICIARY_BANK_BRANCH_MST_ID" : null
      },
      "payment_details" : [ {
        "ID" : 5001546,
        "AUTHORIZATION_BUSINESS_DATE" : "2017-03-07T18:30:00Z",
        "CREATED_BY_URI" : "com.nucleus.user.User:5000020",
        "CREATION_TIME_STAMP" : "2018-08-21T10:57:50Z",
        "LAST_UPDATED_BY_URI" : "com.nucleus.user.User:9001",
        "LAST_UPDATED_TIME_STAMP" : "2018-08-21T10:57:50Z",
        "PERSISTENCE_STATUS" : 0,
        "SNAPSHOT_RECORD" : 0,
        "SYSTEM_MODIFIABLE_ONLY" : 1,
        "UUID" : "22802251220745130-0.21215783685289702",
        "MAKE_BUSINESS_DATE" : "2017-03-07T18:30:00Z",
        "TENANT_ID" : 505,
        "ENTITY_VERSION_ID" : 2,
        "LOAN_ACCOUNT_NO" : "PLBAPLLONS000005000463",
        "ACTION_DATE" : null,
        "ALLOCATION_LEVEL" : "C",
        "ALLOCATION_TOWARDS_CUSTOMER" : null,
        "APPLICATIONID" : null,
        "AUTO_ALLOCATION_FLAG" : "N",
        "BANK_RECONCILED" : 51121,
        "BENEFICIARY_ACNO" : null,
        "BENEFICIARY_AC_TYPE" : null,
        "RETURN_REASON_MST_ID" : null,
        "BPTYPE_ID" : 2890,
        "BULK_CLEARANCE_AMOUNT" : null,
        "BULK_CLEARANCE_REF" : null,
        "BULK_CLEARANCE_REFDATE" : null,
        "BUSINESSPARTNER_ID" : null,
        "CANCEL_REASON_MST_ID" : null,
        "CANCELLATION_REF_ID" : null,
        "SOURCE_TXN_REFERENCE_NO" : null,
        "CREDIT_DEBIT_CARD" : null,
        "CLEARING_HOUSE_MST_ID" : null,
        "CURRENCY_MST_ID" : 42001,
        "CUSTOMER_NO" : "GLBCUST00000000026",
        "DOWNLOAD_BATCHID" : -1,
        "DRAWER_NAME" : null,
        "DRAWNON" : null,
        "DATA_JSON_STRING" : null,
        "MODEL_META_DATA_ID" : null,
        "PLACEHOLDER_ID" : null,
        "UI_META_DATA_ID" : null,
        "EXTERNAL_DOWNLOAD_BATCHID" : null,
        "FILE_NUMBER" : null,
        "FINAL_ALLOCATION_DONE_FLAG" : "Y",
        "HOLD_DATE" : null,
        "DEPOSITOR_NAME" : null,
        "IDENTIFICATION_NUMBER" : null,
        "IDENTIFICATION_TYPE" : null,
        "INSTRUMENT_DATE" : "2016-12-31T18:30:00Z",
        "INSTRUMENT_REF_NUM" : "65767",
        "KNOCKOFF_REFERENCE_ID" : null,
        "LOAN_BRANCHID" : 5,
        "LOANID" : 5000463,
        "MC_STATUS" : "A",
        "MANDATEID" : null,
        "MANUALY_ALLOCATED_FLAG" : "Y",
        "BANK_BRANCH_MST_ID" : null,
        "BANK_MST_ID" : null,
        "CITY_MST_ID" : null,
        "IFSC_CODE" : null,
        "BANK_IDENTIFICATION_CODE" : null,
        "MICR_NONMICR_FLAG" : null,
        "MODULEID" : "LMS",
        "PARTY_REF_NO" : null,
        "PARTY_TYPE" : null,
        "PAYIN_SLIP_ID" : null,
        "PAYIN_SLIP_REFERENCE" : null,
        "PAYMENT_ACCOUNT_ID" : null,
        "IGNORE_FOR_DOWNLOAD" : "N",
        "INFAVOUROF" : "aa",
        "PAYMENT_INTERFACE_METHOD" : "N",
        "PAYMENT_SUB_MODE" : null,
        "PMD_FLAG" : "N",
        "RCPT_PMNT_UPLOAD_BATCHID" : null,
        "PRESENTATION_BATCHID" : null,
        "PRESENTATION_RUN_DATE" : null,
        "PRINTING_BRANCHID" : 5,
        "PRODUCT_BATCHGROUP_ID" : null,
        "PRODUCTID" : 5000007,
        "RECEIPT_AGAINST" : 51127,
        "BOUNCEX_AUTH_BUSINESSDATE" : null,
        "BOUNCEX_AUTH_DATE" : null,
        "BOUNCEX_AUTHID" : null,
        "BOUNCE_CANCEL_DATE" : null,
        "BOUNCEX_MAKE_BUSINESSDATE" : null,
        "BOUNCEX_MAKE_DATE" : null,
        "BOUNCEX_MAKERID" : null,
        "DEALINGBANK_MST_ID" : 5000000,
        "DEPOSIT_AUTH_BUSINESSDATE" : null,
        "DEPOSIT_AUTH_DATE" : null,
        "DEPOSIT_AUTHID" : null,
        "DEPOSITDATE" : null,
        "DEPOSIT_MAKE_BUSINESSDATE" : null,
        "DEPOSIT_MAKE_DATE" : null,
        "DEPOSIT_MAKERID" : null,
        "RECEIPT_NO" : null,
        "TRANSACTION_AMOUNT" : 325000,
        "BIN_NUMBER" : null,
        "CUSTODIAN_ID" : null,
        "DUEDATE" : null,
        "INSTRUMENT_PURPOSE" : null,
        "INSTRUMENT_TYPE" : null,
        "PRESENTATION_DATE" : null,
        "PAYMENTMODE" : 2669,
        "RECEIPTPAYMENT_TYPE" : 50021,
        "RECEIPT_CHANNEL" : null,
        "RECEIPT_PURPOSE" : 515019,
        "REALIZATIONDATE" : "2016-12-31T18:30:00Z",
        "REALIZE_AUTH_BUSINESSDATE" : "2017-03-07T18:30:00Z",
        "REALIZE_AUTH_DATE" : "2018-08-21T10:57:50Z",
        "REALIZE_AUTHID" : "com.nucleus.user.User:5000020",
        "REALIZE_MAKE_BUSINESSDATE" : "2017-03-07T18:30:00Z",
        "REALIZE_MAKE_DATE" : "2018-08-21T10:57:50Z",
        "REALIZE_MAKERID" : "com.nucleus.user.User:5000020",
        "REJECT_CANCEL_DELETE_INDICATOR" : null,
        "REMARKS" : null,
        "REPRESENT_FLAG" : 51121,
        "REQUEST_CHANNEL" : 51292,
        "REVERSAL_ALLOWED" : "N",
        "SERVICE_REQUEST_ID" : null,
        "SOURCE_ACCOUNT_NO" : null,
        "SOURCE_PAYMENT_REF_NUM" : 12345,
        "STALE_MARKED" : null,
        "STATUS" : "S",
        "THRESHOLD_CROSSED" : null,
        "TXN_BRANCHID" : 5,
        "TXN_CURRENCY_MST_ID" : 42001,
        "TRANSACTION_DATE" : "2017-03-07T18:30:00Z",
        "TRANSANCTION_REFERENCEID" : 5001860,
        "TXN_STATUS_IN_UPLOAD" : null,
        "TXN_VALUE_DATE" : "2016-12-31T18:30:00Z",
        "UNHOLD_DATE" : null,
        "UPLOAD_BATCHID" : -1,
        "VAPID" : null,
        "PERSISTENT_FORM_DATA" : null
      }, {
        "ID" : 5001578,
        "AUTHORIZATION_BUSINESS_DATE" : null,
        "CREATED_BY_URI" : "com.nucleus.user.User:5000020",
        "CREATION_TIME_STAMP" : "2018-08-21T12:24:52Z",
        "LAST_UPDATED_BY_URI" : null,
        "LAST_UPDATED_TIME_STAMP" : "2018-08-21T12:24:52Z",
        "PERSISTENCE_STATUS" : 1,
        "SNAPSHOT_RECORD" : 0,
        "SYSTEM_MODIFIABLE_ONLY" : 1,
        "UUID" : "22807473829154634-0.39604077765377543",
        "MAKE_BUSINESS_DATE" : "2017-03-07T18:30:00Z",
        "TENANT_ID" : 505,
        "ENTITY_VERSION_ID" : 1,
        "LOAN_ACCOUNT_NO" : "PLBAPLLONS000005000463",
        "ACTION_DATE" : null,
        "ALLOCATION_LEVEL" : "C",
        "ALLOCATION_TOWARDS_CUSTOMER" : null,
        "APPLICATIONID" : null,
        "AUTO_ALLOCATION_FLAG" : "Y",
        "BANK_RECONCILED" : 51121,
        "BENEFICIARY_ACNO" : null,
        "BENEFICIARY_AC_TYPE" : null,
        "RETURN_REASON_MST_ID" : null,
        "BPTYPE_ID" : 2890,
        "BULK_CLEARANCE_AMOUNT" : null,
        "BULK_CLEARANCE_REF" : null,
        "BULK_CLEARANCE_REFDATE" : null,
        "BUSINESSPARTNER_ID" : null,
        "CANCEL_REASON_MST_ID" : null,
        "CANCELLATION_REF_ID" : null,
        "SOURCE_TXN_REFERENCE_NO" : null,
        "CREDIT_DEBIT_CARD" : null,
        "CLEARING_HOUSE_MST_ID" : null,
        "CURRENCY_MST_ID" : 42001,
        "CUSTOMER_NO" : "GLBCUST00000000026",
        "DOWNLOAD_BATCHID" : null,
        "DRAWER_NAME" : null,
        "DRAWNON" : null,
        "DATA_JSON_STRING" : null,
        "MODEL_META_DATA_ID" : null,
        "PLACEHOLDER_ID" : null,
        "UI_META_DATA_ID" : null,
        "EXTERNAL_DOWNLOAD_BATCHID" : null,
        "FILE_NUMBER" : null,
        "FINAL_ALLOCATION_DONE_FLAG" : "Y",
        "HOLD_DATE" : null,
        "DEPOSITOR_NAME" : null,
        "IDENTIFICATION_NUMBER" : null,
        "IDENTIFICATION_TYPE" : null,
        "INSTRUMENT_DATE" : null,
        "INSTRUMENT_REF_NUM" : null,
        "KNOCKOFF_REFERENCE_ID" : null,
        "LOAN_BRANCHID" : 5,
        "LOANID" : 5000463,
        "MC_STATUS" : "A",
        "MANDATEID" : null,
        "MANUALY_ALLOCATED_FLAG" : "N",
        "BANK_BRANCH_MST_ID" : null,
        "BANK_MST_ID" : null,
        "CITY_MST_ID" : null,
        "IFSC_CODE" : null,
        "BANK_IDENTIFICATION_CODE" : null,
        "MICR_NONMICR_FLAG" : null,
        "MODULEID" : "LMS",
        "PARTY_REF_NO" : null,
        "PARTY_TYPE" : null,
        "PAYIN_SLIP_ID" : null,
        "PAYIN_SLIP_REFERENCE" : null,
        "PAYMENT_ACCOUNT_ID" : null,
        "IGNORE_FOR_DOWNLOAD" : null,
        "INFAVOUROF" : null,
        "PAYMENT_INTERFACE_METHOD" : null,
        "PAYMENT_SUB_MODE" : null,
        "PMD_FLAG" : "N",
        "RCPT_PMNT_UPLOAD_BATCHID" : null,
        "PRESENTATION_BATCHID" : null,
        "PRESENTATION_RUN_DATE" : null,
        "PRINTING_BRANCHID" : null,
        "PRODUCT_BATCHGROUP_ID" : null,
        "PRODUCTID" : 5000007,
        "RECEIPT_AGAINST" : 51127,
        "BOUNCEX_AUTH_BUSINESSDATE" : null,
        "BOUNCEX_AUTH_DATE" : null,
        "BOUNCEX_AUTHID" : null,
        "BOUNCE_CANCEL_DATE" : null,
        "BOUNCEX_MAKE_BUSINESSDATE" : null,
        "BOUNCEX_MAKE_DATE" : null,
        "BOUNCEX_MAKERID" : null,
        "DEALINGBANK_MST_ID" : null,
        "DEPOSIT_AUTH_BUSINESSDATE" : null,
        "DEPOSIT_AUTH_DATE" : null,
        "DEPOSIT_AUTHID" : null,
        "DEPOSITDATE" : "2017-03-07T18:30:00Z",
        "DEPOSIT_MAKE_BUSINESSDATE" : null,
        "DEPOSIT_MAKE_DATE" : null,
        "DEPOSIT_MAKERID" : null,
        "RECEIPT_NO" : null,
        "TRANSACTION_AMOUNT" : 342798,
        "BIN_NUMBER" : null,
        "CUSTODIAN_ID" : null,
        "DUEDATE" : null,
        "INSTRUMENT_PURPOSE" : null,
        "INSTRUMENT_TYPE" : null,
        "PRESENTATION_DATE" : null,
        "PAYMENTMODE" : 51067,
        "RECEIPTPAYMENT_TYPE" : 50106,
        "RECEIPT_CHANNEL" : null,
        "RECEIPT_PURPOSE" : 50032,
        "REALIZATIONDATE" : "2017-03-07T18:30:00Z",
        "REALIZE_AUTH_BUSINESSDATE" : "2017-03-07T18:30:00Z",
        "REALIZE_AUTH_DATE" : "2018-08-21T12:24:52Z",
        "REALIZE_AUTHID" : "SYSTEM",
        "REALIZE_MAKE_BUSINESSDATE" : null,
        "REALIZE_MAKE_DATE" : null,
        "REALIZE_MAKERID" : null,
        "REJECT_CANCEL_DELETE_INDICATOR" : null,
        "REMARKS" : null,
        "REPRESENT_FLAG" : 51121,
        "REQUEST_CHANNEL" : 51292,
        "REVERSAL_ALLOWED" : "N",
        "SERVICE_REQUEST_ID" : null,
        "SOURCE_ACCOUNT_NO" : null,
        "SOURCE_PAYMENT_REF_NUM" : null,
        "STALE_MARKED" : null,
        "STATUS" : "C",
        "THRESHOLD_CROSSED" : null,
        "TXN_BRANCHID" : 5,
        "TXN_CURRENCY_MST_ID" : 42001,
        "TRANSACTION_DATE" : "2017-03-07T18:30:00Z",
        "TRANSANCTION_REFERENCEID" : 5001892,
        "TXN_STATUS_IN_UPLOAD" : null,
        "TXN_VALUE_DATE" : "2017-03-07T18:30:00Z",
        "UNHOLD_DATE" : null,
        "UPLOAD_BATCHID" : null,
        "VAPID" : 0,
        "PERSISTENT_FORM_DATA" : null
      }, {
        "ID" : 5001552,
        "AUTHORIZATION_BUSINESS_DATE" : "2017-03-07T18:30:00Z",
        "CREATED_BY_URI" : "com.nucleus.user.User:5000019",
        "CREATION_TIME_STAMP" : "2018-08-21T11:37:40Z",
        "LAST_UPDATED_BY_URI" : "com.nucleus.user.User:5000020",
        "LAST_UPDATED_TIME_STAMP" : "2018-08-21T12:24:52Z",
        "PERSISTENCE_STATUS" : 0,
        "SNAPSHOT_RECORD" : 0,
        "SYSTEM_MODIFIABLE_ONLY" : 1,
        "UUID" : "22804642129365101-0.482458347332281",
        "MAKE_BUSINESS_DATE" : "2017-03-07T18:30:00Z",
        "TENANT_ID" : 505,
        "ENTITY_VERSION_ID" : 4,
        "LOAN_ACCOUNT_NO" : "PLBAPLLONS000005000463",
        "ACTION_DATE" : null,
        "ALLOCATION_LEVEL" : "A",
        "ALLOCATION_TOWARDS_CUSTOMER" : "Y",
        "APPLICATIONID" : null,
        "AUTO_ALLOCATION_FLAG" : "Y",
        "BANK_RECONCILED" : 51121,
        "BENEFICIARY_ACNO" : null,
        "BENEFICIARY_AC_TYPE" : null,
        "RETURN_REASON_MST_ID" : null,
        "BPTYPE_ID" : 2890,
        "BULK_CLEARANCE_AMOUNT" : null,
        "BULK_CLEARANCE_REF" : null,
        "BULK_CLEARANCE_REFDATE" : null,
        "BUSINESSPARTNER_ID" : null,
        "CANCEL_REASON_MST_ID" : null,
        "CANCELLATION_REF_ID" : null,
        "SOURCE_TXN_REFERENCE_NO" : "1234445566666",
        "CREDIT_DEBIT_CARD" : 50022,
        "CLEARING_HOUSE_MST_ID" : null,
        "CURRENCY_MST_ID" : 42001,
        "CUSTOMER_NO" : "GLBCUST00000000026",
        "DOWNLOAD_BATCHID" : null,
        "DRAWER_NAME" : null,
        "DRAWNON" : null,
        "DATA_JSON_STRING" : null,
        "MODEL_META_DATA_ID" : null,
        "PLACEHOLDER_ID" : null,
        "UI_META_DATA_ID" : null,
        "EXTERNAL_DOWNLOAD_BATCHID" : null,
        "FILE_NUMBER" : null,
        "FINAL_ALLOCATION_DONE_FLAG" : "Y",
        "HOLD_DATE" : null,
        "DEPOSITOR_NAME" : null,
        "IDENTIFICATION_NUMBER" : null,
        "IDENTIFICATION_TYPE" : null,
        "INSTRUMENT_DATE" : "2017-03-07T18:30:00Z",
        "INSTRUMENT_REF_NUM" : "R_0000000005001866",
        "KNOCKOFF_REFERENCE_ID" : null,
        "LOAN_BRANCHID" : 5,
        "LOANID" : 5000463,
        "MC_STATUS" : "A",
        "MANDATEID" : null,
        "MANUALY_ALLOCATED_FLAG" : "Y",
        "BANK_BRANCH_MST_ID" : null,
        "BANK_MST_ID" : null,
        "CITY_MST_ID" : null,
        "IFSC_CODE" : null,
        "BANK_IDENTIFICATION_CODE" : null,
        "MICR_NONMICR_FLAG" : "N",
        "MODULEID" : "LMS",
        "PARTY_REF_NO" : null,
        "PARTY_TYPE" : null,
        "PAYIN_SLIP_ID" : null,
        "PAYIN_SLIP_REFERENCE" : null,
        "PAYMENT_ACCOUNT_ID" : null,
        "IGNORE_FOR_DOWNLOAD" : null,
        "INFAVOUROF" : null,
        "PAYMENT_INTERFACE_METHOD" : null,
        "PAYMENT_SUB_MODE" : 50019,
        "PMD_FLAG" : "N",
        "RCPT_PMNT_UPLOAD_BATCHID" : null,
        "PRESENTATION_BATCHID" : null,
        "PRESENTATION_RUN_DATE" : null,
        "PRINTING_BRANCHID" : null,
        "PRODUCT_BATCHGROUP_ID" : null,
        "PRODUCTID" : 5000007,
        "RECEIPT_AGAINST" : 51127,
        "BOUNCEX_AUTH_BUSINESSDATE" : null,
        "BOUNCEX_AUTH_DATE" : null,
        "BOUNCEX_AUTHID" : null,
        "BOUNCE_CANCEL_DATE" : null,
        "BOUNCEX_MAKE_BUSINESSDATE" : null,
        "BOUNCEX_MAKE_DATE" : null,
        "BOUNCEX_MAKERID" : null,
        "DEALINGBANK_MST_ID" : 5000000,
        "DEPOSIT_AUTH_BUSINESSDATE" : "2017-03-07T18:30:00Z",
        "DEPOSIT_AUTH_DATE" : "2018-08-21T11:38:05Z",
        "DEPOSIT_AUTHID" : "com.nucleus.user.User:5000020",
        "DEPOSITDATE" : "2017-03-07T18:30:00Z",
        "DEPOSIT_MAKE_BUSINESSDATE" : "2017-03-07T18:30:00Z",
        "DEPOSIT_MAKE_DATE" : "2018-08-21T11:38:05Z",
        "DEPOSIT_MAKERID" : "com.nucleus.user.User:5000020",
        "RECEIPT_NO" : "c",
        "TRANSACTION_AMOUNT" : 342798,
        "BIN_NUMBER" : null,
        "CUSTODIAN_ID" : null,
        "DUEDATE" : null,
        "INSTRUMENT_PURPOSE" : null,
        "INSTRUMENT_TYPE" : null,
        "PRESENTATION_DATE" : null,
        "PAYMENTMODE" : 60214,
        "RECEIPTPAYMENT_TYPE" : 50020,
        "RECEIPT_CHANNEL" : null,
        "RECEIPT_PURPOSE" : 50032,
        "REALIZATIONDATE" : "2017-03-07T18:30:00Z",
        "REALIZE_AUTH_BUSINESSDATE" : "2017-03-07T18:30:00Z",
        "REALIZE_AUTH_DATE" : "2018-08-21T11:38:05Z",
        "REALIZE_AUTHID" : "com.nucleus.user.User:5000020",
        "REALIZE_MAKE_BUSINESSDATE" : "2017-03-07T18:30:00Z",
        "REALIZE_MAKE_DATE" : "2018-08-21T11:38:05Z",
        "REALIZE_MAKERID" : "com.nucleus.user.User:5000020",
        "REJECT_CANCEL_DELETE_INDICATOR" : null,
        "REMARKS" : null,
        "REPRESENT_FLAG" : 51121,
        "REQUEST_CHANNEL" : 51292,
        "REVERSAL_ALLOWED" : "T",
        "SERVICE_REQUEST_ID" : 5000120,
        "SOURCE_ACCOUNT_NO" : null,
        "SOURCE_PAYMENT_REF_NUM" : null,
        "STALE_MARKED" : null,
        "STATUS" : "C",
        "THRESHOLD_CROSSED" : 0,
        "TXN_BRANCHID" : 5,
        "TXN_CURRENCY_MST_ID" : 42001,
        "TRANSACTION_DATE" : "2017-03-07T18:30:00Z",
        "TRANSANCTION_REFERENCEID" : 5001866,
        "TXN_STATUS_IN_UPLOAD" : null,
        "TXN_VALUE_DATE" : "2017-03-07T18:30:00Z",
        "UNHOLD_DATE" : null,
        "UPLOAD_BATCHID" : null,
        "VAPID" : null,
        "PERSISTENT_FORM_DATA" : null
      } ],
      "loan_mis_details" : {
        "ID" : 5000459,
        "AUTHORIZATION_BUSINESS_DATE" : null,
        "CREATED_BY_URI" : null,
        "CREATION_TIME_STAMP" : "2018-08-21T10:57:49Z",
        "LAST_UPDATED_BY_URI" : null,
        "LAST_UPDATED_TIME_STAMP" : "2018-08-21T12:24:52Z",
        "PERSISTENCE_STATUS" : 0,
        "SNAPSHOT_RECORD" : null,
        "SYSTEM_MODIFIABLE_ONLY" : null,
        "UUID" : null,
        "MAKE_BUSINESS_DATE" : "2018-08-21T10:57:49Z",
        "TENANT_ID" : 505,
        "ENTITY_VERSION_ID" : 5,
        "LOAN_ACCOUNT_NO" : "PLBAPLLONS000005000463",
        "ADDITIONAL_TDS_AMT" : 0,
        "ADVANCE_INSTL_AMT" : 0,
        "BILLED_ADVANCE_INSTL_AMT" : 0,
        "BILLED_BOUNCE_AMT" : 0,
        "BILLED_BOUNCE_TAX_AMT" : 0,
        "BILLED_CHARGE_SEPERATELY_AMT" : 0,
        "BILLED_VAP_COLL_AMT" : 0,
        "BILLED_VAP_COLL_TAX_AMT" : 0,
        "BILLED_INT_AMT" : 1548,
        "BILLED_INT_WOFF_AMT" : 0,
        "BILLED_LPF_AMT" : 0,
        "BILLED_LPF_TAX_AMT" : 0,
        "BILLED_LPI_AMT" : 0,
        "BILLED_LPI_TAX_AMT" : 0,
        "BILLED_OTHERCHG_AMT" : 0,
        "BILLED_OTHERCHG_TAX_AMT" : 0,
        "BILLED_PRIN_AMT" : 325000,
        "BILLED_PRIN_WOFF_AMT" : 0,
        "BILLED_TDS_AMT" : 0,
        "CASHBACK_PAY_ADJ_AMT" : 0,
        "CASHBACK_PAY_AMT" : 0,
        "CHARGE_SEPERATELY_AMT" : 0,
        "CONCESSION_AMT" : 0,
        "EXCESS_PAID_AMT" : 0,
        "FREQUENCY_ID" : 60005,
        "FUTURE_PRIN_AMT" : 0,
        "FUTURE_PRIN_WOFF_AMT" : 0,
        "INVS_ADVANCE_INSTL_AMT" : 0,
        "INVS_BILLED_ADVANCE_INSTL_AMT" : 0,
        "INVS_BILLED_BOUNCE_AMT" : 0,
        "INVS_BILLED_BOUNCE_TAX_AMT" : 0,
        "INVS_BILLED_VAP_COLL_AMT" : 0,
        "INVS_BILLED_VAP_COLL_TAX_AMT" : 0,
        "INVS_BILLED_INT_AMT" : 0,
        "INVS_BILLED_INT_WOFF_AMT" : 0,
        "INVS_BILLED_LPF_AMT" : 0,
        "INVS_BILLED_LPF_TAX_AMT" : 0,
        "INVS_BILLED_LPI_AMT" : 0,
        "INVS_BILLED_LPI_TAX_AMT" : 0,
        "INVS_BILLED_OTHERCHG_AMT" : 0,
        "INVS_BILLED_OTHERCHG_TAX_AMT" : 0,
        "INVS_BILLED_PRIN_AMT" : 0,
        "INVS_BILLED_PRIN_WOFF_AMT" : 0,
        "INVS_BILLED_TDS_AMT" : 0,
        "INVS_FUTURE_PRIN_WOFF_AMT" : 0,
        "INVS_FUTURE_PRIN_AMT" : 0,
        "INVS_LPF_ADJUSTED_AMT" : 0,
        "INVS_LPF_ADJUSTED_TAX_AMT" : 0,
        "INVS_LPI_ADJUSTED_AMT" : 0,
        "INVS_LPI_ADJUSTED_TAX_AMT" : 0,
        "INVS_OVERDUE_BOUNCE_AMT" : 0,
        "INVS_OVERDUE_VAP_COLL_AMT" : 0,
        "INVS_OVERDUE_INT_AMT" : 0,
        "INVS_OVERDUE_LPF_AMT" : 0,
        "INVS_OVERDUE_LPI_AMT" : 0,
        "INVS_OVERDUE_OTHERCHG_AMT" : 0,
        "INVS_OVERDUE_PRIN_AMT" : 0,
        "INVS_PARTPREPAY_AMT" : 0,
        "INVS_PAYABLE_EXCESS_AMT" : 0,
        "INVS_PAYABLE_LPF_AMT" : 0,
        "INVS_PAYABLE_LPF_TAX_AMT" : 0,
        "INVS_PAYABLE_LPI_AMT" : 0,
        "INVS_PAYABLE_LPI_TAX_AMT" : 0,
        "INVS_PAYABLE_OTHERCHG_AMT" : 0,
        "INVS_PAYABLE_OTHERCHG_TAX_AMT" : 0,
        "INVS_PREPAY_PENALTY_AMT" : 0,
        "INVS_PREPAY_PENALTY_TAX_AMT" : 0,
        "INVS_PROV_INT_AMT" : 0,
        "INVS_PROV_MANUAL_INT_AMT" : 0,
        "INVS_PROV_MANUAL_PRIN_AMT" : 0,
        "INVS_PROV_PRIN_AMT" : 0,
        "INVS_RECD_BOUNCE_AMT" : 0,
        "INVS_RECD_BOUNCE_TAX_AMT" : 0,
        "INVS_RECD_VAP_COLL_AMT" : 0,
        "INVS_RECD_VAP_COLL_TAX_AMT" : 0,
        "INVS_RECD_INT_AMT" : 0,
        "INVS_RECD_LPF_AMT" : 0,
        "INVS_RECD_LPF_TAX_AMT" : 0,
        "INVS_RECD_LPI_AMT" : 0,
        "INVS_RECD_LPI_TAX_AMT" : 0,
        "INVS_RECD_OTHERCHG_AMT" : 0,
        "INVS_RECD_OTHERCHG_TAX_AMT" : 0,
        "INVS_RECD_PRIN_AMT" : 0,
        "INVS_STALE_MARKED_AMT" : 0,
        "INVS_TDS_PAID_AMT" : 0,
        "INVS_TOTAL_ACCRUED_AMT" : 0,
        "LOANID" : 5000463,
        "LPF_PAYABLE_ADJUSTED_AMT" : 0,
        "LPF_PAYABLE_ADJUSTED_TAX_AMT" : 0,
        "LPI_PAYABLE_ADJUSTED_AMT" : 0,
        "LPI_PAYABLE_ADJUSTED_TAX_AMT" : 0,
        "OVERDUE_BOUNCE_AMT" : 0,
        "OVERDUE_VAP_COLL_AMT" : 0,
        "OVERDUE_INT_AMT" : 0,
        "OVERDUE_LPF_AMT" : 0,
        "OVERDUE_LPI_AMT" : 0,
        "OVERDUE_OTHERCHG_AMT" : 0,
        "OVERDUE_PRIN_AMT" : 0,
        "OVERDUE_CAPITALIZE_AMT" : 0,
        "PARTPREPAY_AMT" : 0,
        "PAYABLE_EXCESS_AMT" : 0,
        "PAYABLE_LPF_AMT" : 0,
        "PAYABLE_LPF_TAX_AMT" : 0,
        "PAYABLE_LPI_AMT" : 0,
        "PAYABLE_LPI_TAX_AMT" : 0,
        "PAYABLE_OTHERCHG_AMT" : 0,
        "PAYABLE_OTHERCHG_TAX_AMT" : 0,
        "PREPAY_PENALTY_AMT" : 14462.44,
        "PREPAY_PENALTY_TAX_AMT" : 1787.56,
        "PROV_INT_AMT" : 0,
        "PROV_MANUAL_INT_AMT" : 0,
        "PROV_MANUAL_PRIN_AMT" : 0,
        "PROV_PRIN_AMT" : 0,
        "RECD_BOUNCE_AMT" : 0,
        "RECD_BOUNCE_TAX_AMT" : 0,
        "RECD_CHARGE_SEPERATELY_AMT" : 0,
        "RECD_VAP_COLL_AMT" : 0,
        "RECD_VAP_COLL_TAX_AMT" : 0,
        "RECD_INT_AMT" : 1548,
        "RECD_INT_ON_REINSTATE_NO" : 0,
        "RECD_LPF_AMT" : 0,
        "RECD_LPF_TAX_AMT" : 0,
        "RECD_LPI_AMT" : 0,
        "RECD_LPI_TAX_AMT" : 0,
        "RECD_OTHERCHG_AMT" : 0,
        "RECD_OTHERCHG_TAX_AMT" : 0,
        "RECD_PRIN_AMT" : 325000,
        "STALE_MARKED_AMT" : 0,
        "SUBSIDY_AMT" : 0,
        "TDS_PAID_AMT" : 0,
        "TOTAL_ACCRUED_AMT" : 1548,
        "TOTAL_IMD_RECEIPT_AMT" : 0,
        "TOTAL_CAPITALIZE_INT_AMT" : 0,
        "TOTAL_MORATORIUM_RCPT_AMT" : 0,
        "UNALLOC_SALE_CHG_AMT" : 0,
        "UNALLOC_CLOSURE_AMT" : 0,
        "UNALLOC_FEE_AND_CHG_AMT" : 0,
        "UNALLOC_INSTL_PREPAID_AMT" : 0,
        "UNALLOC_INT_PREPAID_AMT" : 0,
        "UNALLOC_LOAN_CANC_CHG_AMT" : 0,
        "UNALLOC_MORATORIUM_RCPT_AMT" : 0,
        "UNALLOC_PARTPREPAY_AMT" : 0,
        "UNALLOC_SUBSIDY_AMT" : 0,
        "PERSISTENT_FORM_DATA" : null
      },
      "loan_reschedule_details" : [ {
        "ID" : 5000909,
        "AUTHORIZATION_BUSINESS_DATE" : "2017-03-07T18:30:00Z",
        "CREATED_BY_URI" : "com.nucleus.user.User:9001",
        "CREATION_TIME_STAMP" : "2018-08-21T10:57:49Z",
        "LAST_UPDATED_BY_URI" : null,
        "LAST_UPDATED_TIME_STAMP" : "2018-08-21T10:57:50Z",
        "PERSISTENCE_STATUS" : 1,
        "SNAPSHOT_RECORD" : 0,
        "SYSTEM_MODIFIABLE_ONLY" : 1,
        "UUID" : "22802251154815693-0.4810985445024544",
        "MAKE_BUSINESS_DATE" : "2017-03-07T18:30:00Z",
        "TENANT_ID" : 505,
        "ENTITY_VERSION_ID" : 1,
        "ADDITIONAL_DISB_AMOUNT" : 0,
        "ADVANCE_INSTALMENT_AMT" : 0,
        "ANCHOR_MST_ID" : 5000000,
        "ANCHOR_RATE" : 9,
        "BALANCE_INSTALLMENTS" : 24,
        "BALANCE_INTEREST" : 0,
        "BALANCE_TENURE" : 24,
        "BALLOON_AMOUNT" : 0,
        "BATCH_ID" : null,
        "BROKEN_PERIOD_INTEREST_RATE" : 10.8,
        "CANCELLATION_REF_ID" : null,
        "CHANGE_TYPE" : 51453,
        "COMPUTED_PENALTY_WITHTAX_AMT" : null,
        "CLOSING_BAL_PRINCIPAL" : 325000,
        "CHARGED_PENALTY_AMT" : null,
        "COMPUTED_PENALTY_WITHTAX_RATE" : null,
        "COMPUTED_PENALTY_TAXAMT" : null,
        "CURRENT_RATE_TYPE_ID" : 60033,
        "DIFFERENTIAL_GAP_INT_AMOUNT" : 0,
        "DISPLAY_FLAG" : "Y",
        "STORED_DOCUMENT_ID" : null,
        "DATA_JSON_STRING" : null,
        "MODEL_META_DATA_ID" : null,
        "PLACEHOLDER_ID" : null,
        "UI_META_DATA_ID" : null,
        "EFFECTIVE_INSTL_AMT" : 15041,
        "EFFECTIVE_INTEREST_RATE" : 10.8,
        "EXCESS_AMOUNT_ADJUSTMENT" : 0,
        "TRANSACTION_REFERENCEID" : 5000456,
        "FREQUENCY" : 60005,
        "GAP_DAYS_INTEREST_AMOUNT" : 0,
        "GAP_INT_CAPITALIZE_AMT" : 0,
        "GAP_INT_CAPITALIZE_DAYS" : null,
        "GAP_INTEREST_DAYS" : null,
        "GAP_INT_TREATMENT_DATE" : null,
        "GAP_INTEREST_TREATMENT_TYPE" : null,
        "GRADED_BASED_ON" : null,
        "INSTALMENT_AMOUNT" : 15041,
        "INSTALLMENT_DUE_ADJUSTMENT" : 0,
        "INSTALMENT_MODE" : 60019,
        "INSTALMENT_TYPE" : 60029,
        "INTEREST_OFFSET_AMT" : null,
        "INTEREST_RATE" : 10.8,
        "INTEREST_STARTMONTH" : null,
        "INTEREST_TYPE" : 60022,
        "LAST_ACCRUAL_DATE" : null,
        "LAST_ANCHORRATE_REVISION_DATE" : null,
        "LAST_BILLING_DATE" : null,
        "LOANID" : 5000463,
        "LOCK_IN_PERIOD" : null,
        "MC_STATUS" : "A",
        "MATURITYDATE" : "2019-02-04T18:30:00Z",
        "MORATORIUM_END_DATE" : null,
        "MORATORIUM_START_DATE" : null,
        "MORATORIUM_TREATMENT_TYPE" : null,
        "MARKUP" : 1.8,
        "TENURE" : 24,
        "NEXT_ANCHORRATE_REVISION_DATE" : null,
        "NEXT_DUE_DATE" : null,
        "NO_ADVANCE_INSTALMENT" : 0,
        "NO_OF_MORATORIUM_INSTALLMENTS" : 0,
        "OPENING_BAL_PRINCIPAL" : 0,
        "ORIGINAL_PENALTY_WITHTAX_AMT" : null,
        "ORIGINAL_PENALTY_AMT" : null,
        "ORIGINAL_PENALTY_RATE" : null,
        "ORIGINAL_PENALTY_WITHTAX_RATE" : null,
        "ORIGINAL_PENALTY_TAXAMT" : null,
        "OTH_CHARGES_DUE_ADJUSTMENT" : 0,
        "PARENT_RESCHEDULE_ID" : null,
        "PART_PREPAY_AMOUNT" : 0,
        "PAYABLE_ADJUSTED_AMT" : 0,
        "PENALTY_CAPPED_FLAG" : null,
        "PENALTY_CHARGETYPE" : null,
        "PREPAY_AMOUNT" : 0,
        "PREPAY_PENALTY_RATE" : null,
        "PREV_GAP_DAYS_INT_AMOUNT" : 0,
        "PREV_GAP_INT_TREATMENT_DATE" : null,
        "PREV_ANCHOR_MST_ID" : null,
        "PREV_ANCHOR_RATE" : null,
        "PREV_BALANCE_INSTALLMENTS" : 0,
        "PREV_BALANCE_INTEREST" : 0,
        "PREV_BALANCE_TENURE" : null,
        "PREV_BALLOON_AMOUNT" : 0,
        "PREV_CANCELLATION_REF_ID" : null,
        "PREV_CURR_RATE_TYPE_ID" : null,
        "PREV_EFFECTIVE_INSTL_AMT" : 0,
        "PREV_EFFECTIVE_INT_RATE" : null,
        "PREV_FREQUENCY" : null,
        "PREV_INSTALMENT_AMOUNT" : 0,
        "PREV_INSTALMENT_TYPE" : null,
        "PREV_INTEREST_RATE" : null,
        "PREV_INTEREST_TYPE" : null,
        "PREV_LAST_RATE_REVISION_DATE" : null,
        "PREV_MATURITYDATE" : null,
        "PREV_MARKUP" : 0,
        "PREV_NEXT_RATE_REVISION_DATE" : null,
        "PREV_NO_OF_MORATORIUM_INSTL" : 0,
        "PREV_RATE_TYPE_ID" : null,
        "PREV_DUEDAY" : null,
        "PREV_TENURE" : null,
        "PREV_RATE_SLAB" : null,
        "PREV_TOTAL_COLLECTIBLE_AMOUNT" : null,
        "PREV_TOTAL_INSTALLMENT_AMOUNT" : 0,
        "PREV_TXN_RECTIFICATION_TYPE" : null,
        "RATE_TYPE_ID" : 60033,
        "REASON_MST_ID" : null,
        "REDUCE_AMOUNT" : 0,
        "REJECT_REASON_MST_ID" : null,
        "DUEDAY" : "5",
        "REPAY_EFFECTIVE_DATE" : "2017-02-21T18:30:00Z",
        "REQUEST_CHANNEL" : 51292,
        "REQUEST_ID" : null,
        "REQUEST_TYPE" : 51493,
        "RESCHEDULE_CHARGES" : 0,
        "TRANSACTION_TYPE" : "A",
        "RESCHEDULE_DESCRIPTION" : "Disbursal # 1.",
        "RESCH_EFFECTIVE_DATE" : "2016-12-31T18:30:00Z",
        "RESCHEDULING_INSTALLMENT_AMT" : null,
        "RESCH_TRANSACTION_DATE" : "2017-03-07T18:30:00Z",
        "SOURCE_OF_FUND" : null,
        "SPECIFIED_FLOWS" : 0,
        "SPECIFIED_INSTALMENT" : 0,
        "SPECIFIED_TENURE" : null,
        "RATE_SLAB" : null,
        "TOTAL_COLLECTIBLE_AMOUNT" : null,
        "TOTAL_INSTALLMENT_AMOUNT" : 15041,
        "TOTAL_PART_PREPAY_AMOUNT" : 0,
        "TXN_BRANCHID" : 5,
        "TXN_RECTIFICATION_TYPE" : null,
        "TXN_REQUEST_TYPE" : 51493,
        "VAPID" : 0,
        "PERSISTENT_FORM_DATA" : null
      } ],
      "termination_hdr_details" : [ {
        "ID" : 5000167,
        "AUTHORIZATION_BUSINESS_DATE" : "2017-03-07T18:30:00Z",
        "CREATED_BY_URI" : "com.nucleus.user.User:5000019",
        "CREATION_TIME_STAMP" : "2018-08-21T12:24:40Z",
        "LAST_UPDATED_BY_URI" : "com.nucleus.user.User:5000020",
        "LAST_UPDATED_TIME_STAMP" : "2018-08-21T12:24:52Z",
        "PERSISTENCE_STATUS" : 0,
        "SNAPSHOT_RECORD" : 0,
        "SYSTEM_MODIFIABLE_ONLY" : 1,
        "UUID" : "22807461647412546-0.713314346074809",
        "MAKE_BUSINESS_DATE" : "2017-03-07T18:30:00Z",
        "TENANT_ID" : 505,
        "ENTITY_VERSION_ID" : 1,
        "PAYABLE_ADJUSTED" : 0,
        "BATCH_NO" : null,
        "BT_FLAG" : null,
        "CLOSURE_REMARKS" : null,
        "REASON_MST_ID" : 402159,
        "DOCUMENT_COLLECTION_BRANCHID" : null,
        "DOCUMENT_DISPATCH_MODE" : null,
        "FORCED_REQUESTED_FLAG" : null,
        "INCOME_BOOKED" : 0,
        "CLOSURE_INITIATE_DATE" : "2017-03-07T18:30:00Z",
        "INTEREST_ACCRUAL_AT_CLOSURE" : 1548,
        "PER_DAY_INTEREST" : 93,
        "IS_PRIORITY_OVERRIDDEN" : null,
        "CLOSURE_EFFECTIVE_DATE" : "2017-03-07T18:30:00Z",
        "CLOSURE_PENALTY_APPLICABLE" : "Y",
        "CLOSURE_PENALTY_COMPUTED_ON" : 325000,
        "COMPUTED_PENALTY_AMT" : 14462.44,
        "COMPUTED_PENALTY_WITHTAX_RATE" : 5,
        "COMPUTED_PENALTY_TAXAMT" : 1787.56,
        "INTEREST_TILL_DATE" : "2017-03-07T18:30:00Z",
        "COMPUTED_PENALTY_WITHTAX_AMT" : 16250,
        "PREPAY_PENALTY_RATE" : 5,
        "INTEREST_TILL_DATE_MODIFIED" : 51121,
        "LOCK_IN_PERIOD_FLAG" : 51120,
        "ORIGINAL_PENALTY_WITHTAX_AMT" : 16250,
        "ORIGINAL_PENALTY_AMOUNT" : 14462.44,
        "ORIGINAL_PENALTY_RATE" : 5,
        "ORIGINAL_PENALTY_WITHTAX_RATE" : 5,
        "ORIGINAL_PENALTY_TAXAMT" : 1787.56,
        "PREPAY_PENALTY_COMPUTED_ON" : 0,
        "PENALTY_CAPPED_FLAG" : null,
        "PENALTY_CHARGE_ID" : 5000073,
        "PENALTY_CHARGE_NATURE" : "SR",
        "PENALTY_RATE_AMOUNT_MODIFIED" : 51121,
        "LOANID" : 5000463,
        "MC_STATUS" : "A",
        "TERMINATION_AMOUNT" : 0,
        "TOTAL_WAIVEOFF_AMOUNT" : 0,
        "TDS_AMOUNT_PENDING" : 0,
        "REBATE" : 0,
        "RECEIPTPAYMENTID" : 5001578,
        "REQUEST_TYPE" : 51493,
        "REQUEST_ID" : null,
        "TOTAL_DUE_AMOUNT" : 342798,
        "TOTAL_REFUND_AMOUNT" : 342798,
        "TOTAL_USER_SPECIFIED_WOFF" : 0,
        "TXN_BRANCHID" : 5,
        "TRANSACTION_REFERENCEID" : null,
        "TRANSACTION_TYPE" : "T1",
        "UNREALIZED_RECEIPTS" : 0,
        "VAPID" : 0,
        "DATA_JSON_STRING" : null,
        "MODEL_META_DATA_ID" : null,
        "PLACEHOLDER_ID" : null,
        "UI_META_DATA_ID" : null,
        "LAST_TDS_TXN_DTL_ID" : null,
        "PARENT_TERMINATION_ID" : null,
        "REJECT_REASON_MST_ID" : null,
        "REQUEST_CHANNEL" : 51292,
        "STORED_DOCUMENT_ID" : null,
        "TXN_REQUEST_TYPE" : 51493,
        "WAIVER_APPROVED_BY" : null,
        "PERSISTENT_FORM_DATA" : null
      } ],
      "termination_dtl_details" : [ {
        "ID" : 5000495,
        "AUTHORIZATION_BUSINESS_DATE" : "2017-03-07T18:30:00Z",
        "CREATED_BY_URI" : null,
        "CREATION_TIME_STAMP" : "2018-08-21T12:24:40Z",
        "LAST_UPDATED_BY_URI" : "com.nucleus.user.User:5000020",
        "LAST_UPDATED_TIME_STAMP" : "2018-08-21T12:24:52Z",
        "PERSISTENCE_STATUS" : 0,
        "SNAPSHOT_RECORD" : null,
        "SYSTEM_MODIFIABLE_ONLY" : null,
        "UUID" : null,
        "MAKE_BUSINESS_DATE" : "2018-08-21T12:24:52Z",
        "TENANT_ID" : 505,
        "ENTITY_VERSION_ID" : 2,
        "CHARGE_AMOUNT" : 16250,
        "CHARGECODE" : 38,
        "CHARGECODE_MST_ID" : 16,
        "EXISTING_COMPUTED_CHARGE" : 51081,
        "LOANID" : 5000463,
        "RECEIVABLE_PAYABLE_FLAG" : 61099,
        "TERMINATIONID" : 5000167,
        "VAPID" : 0,
        "WAIVEOFF_AMOUNT" : 0,
        "PERSISTENT_FORM_DATA" : null
      }, {
        "ID" : 5000496,
        "AUTHORIZATION_BUSINESS_DATE" : "2017-03-07T18:30:00Z",
        "CREATED_BY_URI" : null,
        "CREATION_TIME_STAMP" : "2018-08-21T12:24:40Z",
        "LAST_UPDATED_BY_URI" : "com.nucleus.user.User:5000020",
        "LAST_UPDATED_TIME_STAMP" : "2018-08-21T12:24:52Z",
        "PERSISTENCE_STATUS" : 0,
        "SNAPSHOT_RECORD" : null,
        "SYSTEM_MODIFIABLE_ONLY" : null,
        "UUID" : null,
        "MAKE_BUSINESS_DATE" : "2018-08-21T12:24:52Z",
        "TENANT_ID" : 505,
        "ENTITY_VERSION_ID" : 2,
        "CHARGE_AMOUNT" : 1268,
        "CHARGECODE" : 91,
        "CHARGECODE_MST_ID" : 33,
        "EXISTING_COMPUTED_CHARGE" : 51080,
        "LOANID" : 5000463,
        "RECEIVABLE_PAYABLE_FLAG" : 61099,
        "TERMINATIONID" : 5000167,
        "VAPID" : 0,
        "WAIVEOFF_AMOUNT" : 0,
        "PERSISTENT_FORM_DATA" : null
      }, {
        "ID" : 5000497,
        "AUTHORIZATION_BUSINESS_DATE" : "2017-03-07T18:30:00Z",
        "CREATED_BY_URI" : null,
        "CREATION_TIME_STAMP" : "2018-08-21T12:24:40Z",
        "LAST_UPDATED_BY_URI" : "com.nucleus.user.User:5000020",
        "LAST_UPDATED_TIME_STAMP" : "2018-08-21T12:24:52Z",
        "PERSISTENCE_STATUS" : 0,
        "SNAPSHOT_RECORD" : null,
        "SYSTEM_MODIFIABLE_ONLY" : null,
        "UUID" : null,
        "MAKE_BUSINESS_DATE" : "2018-08-21T12:24:52Z",
        "TENANT_ID" : 505,
        "ENTITY_VERSION_ID" : 2,
        "CHARGE_AMOUNT" : 311227,
        "CHARGECODE" : 28,
        "CHARGECODE_MST_ID" : 13,
        "EXISTING_COMPUTED_CHARGE" : 51081,
        "LOANID" : 5000463,
        "RECEIVABLE_PAYABLE_FLAG" : 61099,
        "TERMINATIONID" : 5000167,
        "VAPID" : 0,
        "WAIVEOFF_AMOUNT" : 0,
        "PERSISTENT_FORM_DATA" : null
      }, {
        "ID" : 5000498,
        "AUTHORIZATION_BUSINESS_DATE" : "2017-03-07T18:30:00Z",
        "CREATED_BY_URI" : null,
        "CREATION_TIME_STAMP" : "2018-08-21T12:24:40Z",
        "LAST_UPDATED_BY_URI" : "com.nucleus.user.User:5000020",
        "LAST_UPDATED_TIME_STAMP" : "2018-08-21T12:24:52Z",
        "PERSISTENCE_STATUS" : 0,
        "SNAPSHOT_RECORD" : null,
        "SYSTEM_MODIFIABLE_ONLY" : null,
        "UUID" : null,
        "MAKE_BUSINESS_DATE" : "2018-08-21T12:24:52Z",
        "TENANT_ID" : 505,
        "ENTITY_VERSION_ID" : 2,
        "CHARGE_AMOUNT" : 13773,
        "CHARGECODE" : 89,
        "CHARGECODE_MST_ID" : 32,
        "EXISTING_COMPUTED_CHARGE" : 51080,
        "LOANID" : 5000463,
        "RECEIVABLE_PAYABLE_FLAG" : 61099,
        "TERMINATIONID" : 5000167,
        "VAPID" : 0,
        "WAIVEOFF_AMOUNT" : 0,
        "PERSISTENT_FORM_DATA" : null
      }, {
        "ID" : 5000499,
        "AUTHORIZATION_BUSINESS_DATE" : "2017-03-07T18:30:00Z",
        "CREATED_BY_URI" : null,
        "CREATION_TIME_STAMP" : "2018-08-21T12:24:40Z",
        "LAST_UPDATED_BY_URI" : "com.nucleus.user.User:5000020",
        "LAST_UPDATED_TIME_STAMP" : "2018-08-21T12:24:52Z",
        "PERSISTENCE_STATUS" : 0,
        "SNAPSHOT_RECORD" : null,
        "SYSTEM_MODIFIABLE_ONLY" : null,
        "UUID" : null,
        "MAKE_BUSINESS_DATE" : "2018-08-21T12:24:52Z",
        "TENANT_ID" : 505,
        "ENTITY_VERSION_ID" : 2,
        "CHARGE_AMOUNT" : 280,
        "CHARGECODE" : 22,
        "CHARGECODE_MST_ID" : 10,
        "EXISTING_COMPUTED_CHARGE" : 51081,
        "LOANID" : 5000463,
        "RECEIVABLE_PAYABLE_FLAG" : 61099,
        "TERMINATIONID" : 5000167,
        "VAPID" : 0,
        "WAIVEOFF_AMOUNT" : 0,
        "PERSISTENT_FORM_DATA" : null
      }, {
        "ID" : 5000500,
        "AUTHORIZATION_BUSINESS_DATE" : "2017-03-07T18:30:00Z",
        "CREATED_BY_URI" : null,
        "CREATION_TIME_STAMP" : "2018-08-21T12:24:40Z",
        "LAST_UPDATED_BY_URI" : "com.nucleus.user.User:5000020",
        "LAST_UPDATED_TIME_STAMP" : "2018-08-21T12:24:52Z",
        "PERSISTENCE_STATUS" : 0,
        "SNAPSHOT_RECORD" : null,
        "SYSTEM_MODIFIABLE_ONLY" : null,
        "UUID" : null,
        "MAKE_BUSINESS_DATE" : "2018-08-21T12:24:52Z",
        "TENANT_ID" : 505,
        "ENTITY_VERSION_ID" : 2,
        "CHARGE_AMOUNT" : 342798,
        "CHARGECODE" : 12,
        "CHARGECODE_MST_ID" : 400264,
        "EXISTING_COMPUTED_CHARGE" : 51080,
        "LOANID" : 5000463,
        "RECEIVABLE_PAYABLE_FLAG" : 61100,
        "TERMINATIONID" : 5000167,
        "VAPID" : 0,
        "WAIVEOFF_AMOUNT" : 0,
        "PERSISTENT_FORM_DATA" : null
      } ],
      "concurrency_details" : {
        "ID" : 250411,
        "ENTITY_VERSION_ID" : 1,
        "FLAG" : null,
        "LOANID" : 5000463,
        "RANDOM_NUMBER" : 6216963263706887919,
        "VAPID" : 0
      }
    }
  },
  "id" : "5000463",
  "ruleResults" : [ {
    "ruleName" : "Autowired-com.nucleus.tools.datasanitizer.lms.DisbursalAmountRuleAutowired",
    "status" : "SUCCESS",
    "logs" : [ "Disbursed Amount matches with Disbusal Break Up." ]
  }, {
    "ruleName" : "r0002_repay_InstlAmtCheck",
    "status" : "SUCCESS",
    "logs" : [ "Principal + interest component is equal to installment amount for all the installments." ]
  }, {
    "ruleName" : "r0003_repay_NullVapId",
    "status" : "SUCCESS",
    "logs" : [ "VAP Id is not NULL in the Repayment Schedule." ]
  }, {
    "ruleName" : "r0004_repay_OpenClosePrinComp",
    "status" : "SUCCESS",
    "logs" : [ "Opening Principal – Principal Component = Closing principal for all the installments." ]
  }, {
    "ruleName" : "r0005_repay_PrevCloseCurBalPrin",
    "status" : "SUCCESS",
    "logs" : [ "Opening Principal is equal to the closing principal of previous installment." ]
  }, {
    "ruleName" : "r0006_repay_PrinCompLoanAmount",
    "status" : "SUCCESS",
    "logs" : [ "Loan Amount is equal to sum of principal component in the Repayment Schedule." ]
  }, {
    "ruleName" : "r0007_repay_InstlBillStopBillFlag",
    "status" : "FAILURE",
    "logs" : [ "Installment # 2 with DueDate : 05/04/2017 is not billed.", "Installment # 3 with DueDate : 05/05/2017 is not billed." ]
  }, {
    "ruleName" : "r0008_repay_InterestCalPRT100",
    "status" : "EXCEPTION",
    "stackTrace" : "org.apache.commons.jxpath.JXPathNotFoundException: No value for xpath: /loan_account/LMS_LOAN_ADDITIONAL_INFO_DTL/TENANT_ID\r\n\tat org.apache.commons.jxpath.ri.JXPathContextReferenceImpl.getValue(JXPathContextReferenceImpl.java:383)\r\n\tat org.apache.commons.jxpath.ri.JXPathContextReferenceImpl.getValue(JXPathContextReferenceImpl.java:412)\r\n\tat org.apache.commons.jxpath.ri.JXPathContextReferenceImpl.getValue(JXPathContextReferenceImpl.java:401)\r\n\tat com.nucleus.tools.datasanitizer.lms.LoanDetails971.execute(LoanDetails971.java:24)\r\n\tat com.nucleus.tools.datasanitizer.rules.RuleExecutorTasklet.execute(RuleExecutorTasklet.java:22)\r\n\tat org.springframework.batch.core.step.tasklet.TaskletStep$ChunkTransactionCallback.doInTransaction(TaskletStep.java:406)\r\n\tat org.springframework.batch.core.step.tasklet.TaskletStep$ChunkTransactionCallback.doInTransaction(TaskletStep.java:330)\r\n\tat org.springframework.transaction.support.TransactionTemplate.execute(TransactionTemplate.java:133)\r\n\tat org.springframework.batch.core.step.tasklet.TaskletStep$2.doInChunkContext(TaskletStep.java:272)\r\n\tat org.springframework.batch.core.scope.context.StepContextRepeatCallback.doInIteration(StepContextRepeatCallback.java:81)\r\n\tat org.springframework.batch.repeat.support.RepeatTemplate.getNextResult(RepeatTemplate.java:374)\r\n\tat org.springframework.batch.repeat.support.RepeatTemplate.executeInternal(RepeatTemplate.java:215)\r\n\tat org.springframework.batch.repeat.support.RepeatTemplate.iterate(RepeatTemplate.java:144)\r\n\tat org.springframework.batch.core.step.tasklet.TaskletStep.doExecute(TaskletStep.java:257)\r\n\tat org.springframework.batch.core.step.AbstractStep.execute(AbstractStep.java:200)\r\n\tat org.springframework.batch.core.job.SimpleStepHandler.handleStep(SimpleStepHandler.java:148)\r\n\tat org.springframework.batch.core.job.flow.JobFlowExecutor.executeStep(JobFlowExecutor.java:64)\r\n\tat org.springframework.batch.core.job.flow.support.state.StepState.handle(StepState.java:67)\r\n\tat org.springframework.batch.core.job.flow.support.SimpleFlow.resume(SimpleFlow.java:169)\r\n\tat org.springframework.batch.core.job.flow.support.SimpleFlow.start(SimpleFlow.java:144)\r\n\tat org.springframework.batch.core.job.flow.FlowJob.doExecute(FlowJob.java:134)\r\n\tat org.springframework.batch.core.job.AbstractJob.execute(AbstractJob.java:306)\r\n\tat org.springframework.batch.core.launch.support.SimpleJobLauncher$1.run(SimpleJobLauncher.java:135)\r\n\tat org.springframework.core.task.SyncTaskExecutor.execute(SyncTaskExecutor.java:50)\r\n\tat org.springframework.batch.core.launch.support.SimpleJobLauncher.run(SimpleJobLauncher.java:128)\r\n\tat com.nucleus.tools.datasanitizer.rules.RuleExecutorJobRunner.run(RuleExecutorJobRunner.java:34)\r\n\tat com.nucleus.tools.datasanitizer.JobRunner.ruleExecutionJob(JobRunner.java:34)\r\n\tat com.nucleus.tools.datasanitizer.DataSanitizerApplication.main(DataSanitizerApplication.java:26)\r\n",
    "message" : "No value for xpath: /loan_account/LMS_LOAN_ADDITIONAL_INFO_DTL/TENANT_ID"
  } ]
}